"incident_id","underlying_case_type","overlapping_case_type_flags","victim_suicide","homicide_suicide","victim_alcohol_indicator","perpetrator_alcohol_indicator","both_alcohol_indicators"
"INC-0001","IPV",FALSE,FALSE,FALSE,FALSE,FALSE,FALSE
"INC-0002","IPV",FALSE,FALSE,FALSE,TRUE,FALSE,FALSE
"INC-0003","IPV",FALSE,FALSE,TRUE,FALSE,FALSE,FALSE
"INC-0004","Parricide",TRUE,FALSE,FALSE,FALSE,FALSE,FALSE
"INC-0005","Parricide",TRUE,FALSE,FALSE,TRUE,TRUE,TRUE
"INC-0006","Parricide",TRUE,FALSE,FALSE,FALSE,FALSE,FALSE
"INC-0007","IPV",FALSE,FALSE,FALSE,FALSE,FALSE,FALSE
"INC-0009","IPV",FALSE,FALSE,FALSE,TRUE,TRUE,TRUE
"INC-0010","IPV",FALSE,FALSE,FALSE,FALSE,FALSE,FALSE
"INC-0011","IPV",FALSE,TRUE,FALSE,FALSE,TRUE,FALSE
"INC-0012","IPV",FALSE,FALSE,FALSE,FALSE,FALSE,FALSE
"INC-0013","IPV",TRUE,TRUE,FALSE,FALSE,FALSE,FALSE
"INC-0014","IPV",FALSE,FALSE,FALSE,FALSE,FALSE,FALSE
"INC-0015","IPV",FALSE,FALSE,TRUE,FALSE,TRUE,FALSE
"INC-0016","IPV",FALSE,FALSE,FALSE,FALSE,FALSE,FALSE
"INC-0017","IPV",FALSE,FALSE,FALSE,FALSE,TRUE,FALSE
"INC-0018","IPV",FALSE,TRUE,FALSE,TRUE,TRUE,TRUE
"INC-0019","Other familial",FALSE,FALSE,FALSE,FALSE,FALSE,FALSE
"INC-0020","IPV",FALSE,TRUE,FALSE,TRUE,TRUE,TRUE
"INC-0021","IPV",FALSE,FALSE,FALSE,TRUE,FALSE,FALSE
"INC-0022","IPV",FALSE,FALSE,FALSE,TRUE,FALSE,FALSE
"INC-0023","IPV",FALSE,FALSE,FALSE,TRUE,TRUE,TRUE
"INC-0024","Parricide",TRUE,FALSE,FALSE,FALSE,FALSE,FALSE
"INC-0025","IPV",FALSE,TRUE,FALSE,FALSE,FALSE,FALSE
"INC-0026","IPV",FALSE,FALSE,TRUE,FALSE,FALSE,FALSE
"INC-0028","IPV",FALSE,FALSE,FALSE,FALSE,FALSE,FALSE
"INC-0029","Other/uncategorised",FALSE,FALSE,FALSE,FALSE,TRUE,FALSE
"INC-0030","IPV",FALSE,FALSE,TRUE,FALSE,FALSE,FALSE
"INC-0031","IPV",FALSE,FALSE,TRUE,FALSE,FALSE,FALSE
"INC-0032","IPV",FALSE,FALSE,FALSE,TRUE,FALSE,FALSE
"INC-0033","IPV",FALSE,FALSE,FALSE,TRUE,TRUE,TRUE
"INC-0034","IPV",FALSE,FALSE,FALSE,FALSE,TRUE,FALSE
"INC-0035","Other/uncategorised",FALSE,FALSE,FALSE,FALSE,TRUE,FALSE
"INC-0036","IPV",FALSE,TRUE,FALSE,FALSE,FALSE,FALSE
"INC-0037","IPV",FALSE,FALSE,TRUE,FALSE,FALSE,FALSE
"INC-0038","IPV",FALSE,FALSE,FALSE,FALSE,FALSE,FALSE
"INC-0039","IPV",FALSE,FALSE,FALSE,FALSE,FALSE,FALSE
"INC-0040","IPV",FALSE,FALSE,FALSE,FALSE,TRUE,FALSE
"INC-0041","IPV",FALSE,FALSE,FALSE,FALSE,FALSE,FALSE
"INC-0042","IPV",FALSE,FALSE,FALSE,TRUE,FALSE,FALSE
"INC-0043","Other familial",FALSE,FALSE,FALSE,TRUE,TRUE,TRUE
"INC-0044","IPV",FALSE,TRUE,FALSE,TRUE,TRUE,TRUE
"INC-0045","Parricide",TRUE,FALSE,FALSE,FALSE,TRUE,FALSE
"INC-0046","Parricide",TRUE,FALSE,FALSE,FALSE,FALSE,FALSE
"INC-0047","IPV",FALSE,FALSE,FALSE,FALSE,FALSE,FALSE
"INC-0048","IPV",FALSE,FALSE,FALSE,TRUE,TRUE,TRUE
"INC-0049","Other familial",FALSE,FALSE,FALSE,FALSE,TRUE,FALSE
"INC-0050","IPV",FALSE,TRUE,FALSE,FALSE,FALSE,FALSE
"INC-0051","IPV",FALSE,FALSE,FALSE,TRUE,TRUE,TRUE
"INC-0052","IPV",FALSE,TRUE,FALSE,FALSE,TRUE,FALSE
"INC-0053","IPV",FALSE,TRUE,FALSE,FALSE,TRUE,FALSE
"INC-0054","IPV",FALSE,FALSE,FALSE,FALSE,FALSE,FALSE
"INC-0055","IPV",FALSE,TRUE,FALSE,TRUE,TRUE,TRUE
"INC-0056","IPV",FALSE,FALSE,FALSE,FALSE,TRUE,FALSE
"INC-0057","Parricide",TRUE,FALSE,FALSE,FALSE,FALSE,FALSE
"INC-0058","Other familial",FALSE,FALSE,FALSE,TRUE,TRUE,TRUE
"INC-0059","IPV",FALSE,TRUE,FALSE,FALSE,FALSE,FALSE
"INC-0060","IPV",FALSE,TRUE,FALSE,FALSE,FALSE,FALSE
"INC-0061","Parricide",TRUE,FALSE,FALSE,FALSE,TRUE,FALSE
"INC-0062","IPV",FALSE,TRUE,FALSE,FALSE,FALSE,FALSE
"INC-0063","IPV",FALSE,TRUE,FALSE,TRUE,TRUE,TRUE
"INC-0064","IPV",FALSE,FALSE,FALSE,TRUE,FALSE,FALSE
"INC-0065","IPV",FALSE,TRUE,FALSE,TRUE,FALSE,FALSE
"INC-0066","IPV",FALSE,TRUE,FALSE,TRUE,FALSE,FALSE
"INC-0067","IPV",FALSE,TRUE,FALSE,FALSE,FALSE,FALSE
"INC-0068","IPV",FALSE,FALSE,FALSE,FALSE,FALSE,FALSE
"INC-0069","IPV",FALSE,FALSE,FALSE,TRUE,TRUE,TRUE
"INC-0070","IPV",FALSE,FALSE,FALSE,FALSE,FALSE,FALSE
"INC-0071","IPV",FALSE,TRUE,FALSE,FALSE,TRUE,FALSE
"INC-0072","IPV",FALSE,TRUE,FALSE,FALSE,FALSE,FALSE
"INC-0073","IPV",FALSE,FALSE,FALSE,TRUE,FALSE,FALSE
"INC-0074","IPV",FALSE,TRUE,FALSE,TRUE,TRUE,TRUE
"INC-0075","IPV",FALSE,FALSE,FALSE,TRUE,TRUE,TRUE
"INC-0076","Parricide",TRUE,FALSE,FALSE,FALSE,FALSE,FALSE
"INC-0077","IPV",FALSE,TRUE,FALSE,TRUE,TRUE,TRUE
"INC-0078","IPV",FALSE,TRUE,FALSE,TRUE,FALSE,FALSE
"INC-0079","IPV",FALSE,FALSE,FALSE,TRUE,FALSE,FALSE
"INC-0080","IPV",FALSE,FALSE,FALSE,TRUE,TRUE,TRUE
"INC-0081","IPV",FALSE,FALSE,FALSE,FALSE,FALSE,FALSE
"INC-0082","Parricide",TRUE,FALSE,FALSE,FALSE,FALSE,FALSE
"INC-0083","IPV",FALSE,FALSE,FALSE,TRUE,TRUE,TRUE
"INC-0084","Other/uncategorised",FALSE,FALSE,FALSE,TRUE,FALSE,FALSE
"INC-0085","IPV",FALSE,FALSE,FALSE,FALSE,TRUE,FALSE
"INC-0086","Parricide",TRUE,FALSE,FALSE,FALSE,TRUE,FALSE
"INC-0087","IPV",FALSE,FALSE,FALSE,FALSE,FALSE,FALSE
"INC-0088","IPV",FALSE,FALSE,FALSE,TRUE,TRUE,TRUE
"INC-0089","IPV",FALSE,FALSE,FALSE,FALSE,FALSE,FALSE
"INC-0091","IPV",FALSE,FALSE,FALSE,TRUE,TRUE,TRUE
"INC-0092","IPV",FALSE,FALSE,FALSE,TRUE,TRUE,TRUE
"INC-0093","IPV",FALSE,FALSE,FALSE,TRUE,TRUE,TRUE
"INC-0094","Parricide",TRUE,FALSE,FALSE,TRUE,TRUE,TRUE
"INC-0095","IPV",FALSE,FALSE,FALSE,FALSE,TRUE,FALSE
"INC-0096","IPV",FALSE,FALSE,FALSE,FALSE,TRUE,FALSE
"INC-0097","IPV",FALSE,TRUE,FALSE,FALSE,FALSE,FALSE
"INC-0098","IPV",FALSE,FALSE,TRUE,FALSE,TRUE,FALSE
"INC-0099","IPV",FALSE,FALSE,FALSE,TRUE,TRUE,TRUE
"INC-0100","IPV",FALSE,FALSE,FALSE,TRUE,TRUE,TRUE
"INC-0101","IPV",FALSE,TRUE,FALSE,FALSE,FALSE,FALSE
"INC-0102","IPV",FALSE,FALSE,FALSE,FALSE,FALSE,FALSE
"INC-0103","IPV",FALSE,FALSE,FALSE,TRUE,TRUE,TRUE
"INC-0104","Other/uncategorised",FALSE,FALSE,FALSE,FALSE,FALSE,FALSE
"INC-0105","IPV",FALSE,FALSE,FALSE,FALSE,FALSE,FALSE
"INC-0106","Parricide",TRUE,FALSE,FALSE,FALSE,FALSE,FALSE
"INC-0107","IPV",FALSE,FALSE,FALSE,FALSE,FALSE,FALSE
"INC-0108","Parricide",TRUE,FALSE,FALSE,FALSE,FALSE,FALSE
"INC-0109","IPV",FALSE,FALSE,TRUE,FALSE,TRUE,FALSE
"INC-0110","IPV",FALSE,TRUE,FALSE,TRUE,TRUE,TRUE
"INC-0111","Other familial",FALSE,FALSE,FALSE,FALSE,FALSE,FALSE
"INC-0112","IPV",FALSE,FALSE,FALSE,TRUE,FALSE,FALSE
"INC-0113","IPV",FALSE,TRUE,TRUE,FALSE,TRUE,FALSE
"INC-0114","Parricide",TRUE,FALSE,FALSE,FALSE,TRUE,FALSE
"INC-0115","IPV",FALSE,FALSE,FALSE,TRUE,FALSE,FALSE
"INC-0116","Parricide",TRUE,FALSE,FALSE,FALSE,TRUE,FALSE
"INC-0117","IPV",FALSE,FALSE,FALSE,TRUE,TRUE,TRUE
"INC-0118","IPV",FALSE,TRUE,FALSE,FALSE,FALSE,FALSE
"INC-0119","Parricide",TRUE,FALSE,FALSE,FALSE,FALSE,FALSE
"INC-0120","IPV",FALSE,FALSE,FALSE,FALSE,FALSE,FALSE
"INC-0121","Other/uncategorised",FALSE,FALSE,FALSE,FALSE,FALSE,FALSE
"INC-0122","IPV",FALSE,FALSE,FALSE,FALSE,FALSE,FALSE
"INC-0123","Parricide",TRUE,FALSE,FALSE,FALSE,FALSE,FALSE
"INC-0124","IPV",FALSE,FALSE,FALSE,TRUE,TRUE,TRUE
"INC-0125","IPV",FALSE,FALSE,FALSE,FALSE,FALSE,FALSE
"INC-0126","Parricide",TRUE,FALSE,TRUE,FALSE,FALSE,FALSE
"INC-0127","IPV",FALSE,FALSE,FALSE,FALSE,FALSE,FALSE
"INC-0128","Parricide",TRUE,FALSE,FALSE,FALSE,FALSE,FALSE
"INC-0129","Parricide",TRUE,FALSE,FALSE,FALSE,TRUE,FALSE
"INC-0130","IPV",FALSE,FALSE,FALSE,TRUE,TRUE,TRUE
"INC-0131","IPV",FALSE,FALSE,FALSE,FALSE,FALSE,FALSE
"INC-0132","IPV",FALSE,FALSE,FALSE,FALSE,FALSE,FALSE
"INC-0133","IPV",FALSE,TRUE,FALSE,TRUE,TRUE,TRUE
"INC-0135","IPV",FALSE,FALSE,FALSE,TRUE,TRUE,TRUE
"INC-0136","IPV",FALSE,FALSE,FALSE,TRUE,TRUE,TRUE
"INC-0137","IPV",FALSE,FALSE,FALSE,FALSE,FALSE,FALSE
"INC-0138","IPV",FALSE,FALSE,FALSE,FALSE,FALSE,FALSE
"INC-0139","IPV",FALSE,FALSE,FALSE,TRUE,FALSE,FALSE
"INC-0140","IPV",FALSE,FALSE,TRUE,TRUE,TRUE,TRUE
"INC-0141","IPV",FALSE,FALSE,FALSE,FALSE,TRUE,FALSE
"INC-0142","IPV",FALSE,FALSE,FALSE,TRUE,TRUE,TRUE
"INC-0143","Other familial",FALSE,FALSE,FALSE,FALSE,TRUE,FALSE
"INC-0144","Other/uncategorised",FALSE,FALSE,FALSE,TRUE,TRUE,TRUE
"INC-0145","IPV",FALSE,FALSE,TRUE,TRUE,TRUE,TRUE
"INC-0146","IPV",FALSE,FALSE,FALSE,TRUE,FALSE,FALSE
"INC-0147","IPV",FALSE,FALSE,FALSE,FALSE,FALSE,FALSE
"INC-0148","Other/uncategorised",FALSE,FALSE,FALSE,FALSE,FALSE,FALSE
"INC-0149","IPV",FALSE,FALSE,FALSE,TRUE,TRUE,TRUE
"INC-0150","IPV",FALSE,FALSE,FALSE,FALSE,FALSE,FALSE
"INC-0151","IPV",FALSE,FALSE,FALSE,TRUE,TRUE,TRUE
"INC-0152","IPV",FALSE,FALSE,FALSE,FALSE,TRUE,FALSE
"INC-0153","IPV",FALSE,TRUE,FALSE,FALSE,TRUE,FALSE
"INC-0154","Parricide",TRUE,FALSE,TRUE,TRUE,TRUE,TRUE
"INC-0155","IPV",FALSE,FALSE,FALSE,TRUE,TRUE,TRUE
"INC-0156","IPV",FALSE,FALSE,FALSE,FALSE,FALSE,FALSE
"INC-0157","IPV",FALSE,FALSE,TRUE,FALSE,FALSE,FALSE
"INC-0158","Other familial",FALSE,FALSE,FALSE,FALSE,TRUE,FALSE
"INC-0159","IPV",FALSE,FALSE,FALSE,FALSE,TRUE,FALSE
"INC-0160","IPV",FALSE,FALSE,FALSE,FALSE,FALSE,FALSE
"INC-0161","IPV",FALSE,FALSE,FALSE,FALSE,TRUE,FALSE
"INC-0162","Parricide",TRUE,FALSE,FALSE,TRUE,FALSE,FALSE
"INC-0163","IPV",FALSE,FALSE,FALSE,FALSE,FALSE,FALSE
"INC-0164","IPV",FALSE,FALSE,FALSE,FALSE,FALSE,FALSE
"INC-0165","IPV",FALSE,FALSE,FALSE,FALSE,FALSE,FALSE
"INC-0166","IPV",FALSE,FALSE,FALSE,FALSE,FALSE,FALSE
"INC-0167","IPV",FALSE,FALSE,FALSE,TRUE,TRUE,TRUE
"INC-0168","Parricide",TRUE,FALSE,FALSE,FALSE,TRUE,FALSE
"INC-0169","IPV",FALSE,FALSE,FALSE,FALSE,FALSE,FALSE
"INC-0170","IPV",FALSE,FALSE,FALSE,FALSE,TRUE,FALSE
"INC-0171","IPV",FALSE,FALSE,FALSE,TRUE,TRUE,TRUE
"INC-0172","Other/uncategorised",FALSE,TRUE,FALSE,TRUE,FALSE,FALSE
"INC-0173","Other/uncategorised",FALSE,FALSE,FALSE,TRUE,FALSE,FALSE
"INC-0174","IPV",FALSE,FALSE,FALSE,FALSE,TRUE,FALSE
"INC-0175","IPV",FALSE,FALSE,FALSE,TRUE,FALSE,FALSE
"INC-0176","IPV",FALSE,FALSE,FALSE,FALSE,TRUE,FALSE
"INC-0177","Other/uncategorised",FALSE,FALSE,FALSE,TRUE,TRUE,TRUE
"INC-0178","IPV",FALSE,FALSE,FALSE,TRUE,TRUE,TRUE
"INC-0179","IPV",FALSE,TRUE,FALSE,TRUE,TRUE,TRUE
"INC-0180","IPV",FALSE,FALSE,FALSE,FALSE,FALSE,FALSE
"INC-0181","IPV",FALSE,FALSE,TRUE,FALSE,FALSE,FALSE
"INC-0182","IPV",FALSE,TRUE,FALSE,FALSE,FALSE,FALSE
"INC-0183","IPV",FALSE,FALSE,FALSE,FALSE,FALSE,FALSE
"INC-0184","IPV",FALSE,FALSE,FALSE,FALSE,TRUE,FALSE
"INC-0185","IPV",FALSE,FALSE,FALSE,FALSE,FALSE,FALSE
"INC-0186","IPV",FALSE,FALSE,FALSE,FALSE,FALSE,FALSE
"INC-0187","IPV",FALSE,FALSE,FALSE,FALSE,TRUE,FALSE
"INC-0189","Parricide",TRUE,FALSE,FALSE,TRUE,FALSE,FALSE
"INC-0190","IPV",FALSE,FALSE,FALSE,FALSE,FALSE,FALSE
"INC-0191","Other familial",FALSE,TRUE,FALSE,FALSE,FALSE,FALSE
"INC-0192","IPV",FALSE,FALSE,FALSE,FALSE,TRUE,FALSE
"INC-0193","IPV",FALSE,FALSE,FALSE,TRUE,TRUE,TRUE
"INC-0194","IPV",FALSE,FALSE,FALSE,FALSE,TRUE,FALSE
"INC-0195","Parricide",TRUE,FALSE,FALSE,FALSE,FALSE,FALSE
"INC-0196","IPV",FALSE,FALSE,FALSE,FALSE,TRUE,FALSE
"INC-0197","Other/uncategorised",FALSE,FALSE,FALSE,FALSE,FALSE,FALSE
"INC-0198","IPV",FALSE,FALSE,FALSE,TRUE,TRUE,TRUE
"INC-0199","IPV",FALSE,FALSE,FALSE,FALSE,FALSE,FALSE
"INC-0200","IPV",FALSE,FALSE,FALSE,TRUE,TRUE,TRUE
"INC-0201","Parricide",TRUE,FALSE,FALSE,FALSE,TRUE,FALSE
"INC-0202","Parricide",TRUE,FALSE,TRUE,FALSE,TRUE,FALSE
"INC-0203","IPV",FALSE,FALSE,TRUE,FALSE,FALSE,FALSE
"INC-0204","IPV",FALSE,FALSE,FALSE,FALSE,FALSE,FALSE
"INC-0205","IPV",FALSE,FALSE,FALSE,FALSE,FALSE,FALSE
"INC-0206","IPV",FALSE,TRUE,FALSE,TRUE,FALSE,FALSE
"INC-0207","Other/uncategorised",FALSE,FALSE,TRUE,FALSE,TRUE,FALSE
"INC-0208","IPV",FALSE,FALSE,TRUE,FALSE,FALSE,FALSE
"INC-0209","IPV",FALSE,FALSE,FALSE,FALSE,FALSE,FALSE
"INC-0210","IPV",FALSE,FALSE,FALSE,FALSE,TRUE,FALSE
"INC-0211","IPV",FALSE,FALSE,FALSE,FALSE,TRUE,FALSE
"INC-0212","IPV",FALSE,TRUE,FALSE,FALSE,TRUE,FALSE
"INC-0213","Parricide",TRUE,FALSE,FALSE,TRUE,TRUE,TRUE
"INC-0214","Other familial",FALSE,FALSE,FALSE,FALSE,FALSE,FALSE
"INC-0215","IPV",FALSE,FALSE,TRUE,FALSE,FALSE,FALSE
"INC-0216","IPV",FALSE,TRUE,FALSE,TRUE,FALSE,FALSE
"INC-0217","IPV",FALSE,FALSE,FALSE,TRUE,FALSE,FALSE
"INC-0218","IPV",FALSE,FALSE,FALSE,TRUE,TRUE,TRUE
"INC-0219","Parricide",TRUE,TRUE,FALSE,TRUE,FALSE,FALSE
"INC-0220","Parricide",TRUE,FALSE,FALSE,TRUE,TRUE,TRUE
"INC-0221","IPV",FALSE,FALSE,FALSE,FALSE,TRUE,FALSE
"INC-0222","IPV",FALSE,FALSE,FALSE,TRUE,TRUE,TRUE
"INC-0223","IPV",FALSE,FALSE,FALSE,FALSE,FALSE,FALSE
"INC-0224","IPV",FALSE,FALSE,FALSE,FALSE,FALSE,FALSE
"INC-0225","IPV",FALSE,FALSE,FALSE,FALSE,TRUE,FALSE
"INC-0226","IPV",FALSE,FALSE,FALSE,FALSE,FALSE,FALSE
"INC-0227","IPV",FALSE,FALSE,TRUE,FALSE,TRUE,FALSE
"INC-0228","IPV",FALSE,FALSE,TRUE,TRUE,FALSE,FALSE
"INC-0229","Other familial",FALSE,FALSE,FALSE,TRUE,TRUE,TRUE
"INC-0230","IPV",FALSE,FALSE,FALSE,FALSE,FALSE,FALSE
"INC-0231","IPV",FALSE,FALSE,TRUE,FALSE,FALSE,FALSE
"INC-0232","IPV",FALSE,FALSE,FALSE,FALSE,TRUE,FALSE
"INC-0233","Other familial",FALSE,FALSE,FALSE,FALSE,FALSE,FALSE
"INC-0234","IPV",FALSE,FALSE,FALSE,FALSE,TRUE,FALSE
"INC-0235","IPV",FALSE,FALSE,FALSE,FALSE,TRUE,FALSE
"INC-0236","Parricide",TRUE,FALSE,FALSE,FALSE,TRUE,FALSE
"INC-0237","Other familial",FALSE,TRUE,FALSE,FALSE,FALSE,FALSE
"INC-0238","Other familial",FALSE,FALSE,FALSE,FALSE,FALSE,FALSE
"INC-0239","IPV",FALSE,FALSE,FALSE,TRUE,TRUE,TRUE
"INC-0240","IPV",FALSE,FALSE,FALSE,FALSE,FALSE,FALSE
"INC-0241","IPV",FALSE,FALSE,FALSE,FALSE,TRUE,FALSE
"INC-0242","IPV",FALSE,FALSE,FALSE,FALSE,TRUE,FALSE
"INC-0243","IPV",FALSE,TRUE,FALSE,TRUE,TRUE,TRUE
"INC-0244","IPV",FALSE,FALSE,FALSE,TRUE,TRUE,TRUE
"INC-0245","IPV",FALSE,FALSE,FALSE,FALSE,FALSE,FALSE
"INC-0246","IPV",FALSE,FALSE,FALSE,TRUE,TRUE,TRUE
"INC-0247","IPV",FALSE,FALSE,FALSE,FALSE,FALSE,FALSE
"INC-0248","Other familial",FALSE,FALSE,FALSE,FALSE,TRUE,FALSE
"INC-0249","IPV",FALSE,FALSE,FALSE,FALSE,TRUE,FALSE
"INC-0250","IPV",FALSE,FALSE,FALSE,TRUE,TRUE,TRUE
"INC-0251","IPV",FALSE,FALSE,FALSE,FALSE,FALSE,FALSE
"INC-0252","Other familial",FALSE,FALSE,FALSE,FALSE,FALSE,FALSE
"INC-0253","IPV",FALSE,TRUE,FALSE,FALSE,FALSE,FALSE
"INC-0254","IPV",FALSE,FALSE,FALSE,FALSE,TRUE,FALSE
"INC-0255","IPV",FALSE,TRUE,FALSE,TRUE,FALSE,FALSE
"INC-0256","IPV",FALSE,FALSE,FALSE,TRUE,FALSE,FALSE
"INC-0257","IPV",FALSE,FALSE,FALSE,FALSE,FALSE,FALSE
"INC-0258","IPV",FALSE,TRUE,FALSE,FALSE,TRUE,FALSE
"INC-0259","IPV",FALSE,TRUE,FALSE,TRUE,TRUE,TRUE
"INC-0260","IPV",FALSE,FALSE,FALSE,FALSE,FALSE,FALSE
"INC-0261","IPV",FALSE,FALSE,FALSE,TRUE,TRUE,TRUE
"INC-0262","IPV",FALSE,FALSE,TRUE,TRUE,TRUE,TRUE
"INC-0263","Parricide",TRUE,FALSE,FALSE,TRUE,TRUE,TRUE
"INC-0265","IPV",FALSE,FALSE,FALSE,FALSE,FALSE,FALSE
"INC-0266","Parricide",TRUE,FALSE,FALSE,TRUE,FALSE,FALSE
"INC-0267","IPV",FALSE,FALSE,TRUE,FALSE,FALSE,FALSE
"INC-0268","IPV",FALSE,FALSE,FALSE,FALSE,FALSE,FALSE
"INC-0269","IPV",FALSE,FALSE,FALSE,FALSE,FALSE,FALSE
"INC-0270","Parricide",TRUE,FALSE,FALSE,FALSE,FALSE,FALSE
"INC-0271","IPV",FALSE,FALSE,FALSE,TRUE,TRUE,TRUE
"INC-0272","Parricide",TRUE,FALSE,TRUE,FALSE,FALSE,FALSE
"INC-0273","IPV",FALSE,FALSE,FALSE,FALSE,FALSE,FALSE
"INC-0274","IPV",FALSE,FALSE,FALSE,FALSE,FALSE,FALSE
"INC-0275","IPV",FALSE,FALSE,FALSE,FALSE,FALSE,FALSE
"INC-0277","IPV",FALSE,FALSE,TRUE,FALSE,FALSE,FALSE
"INC-0278","IPV",FALSE,FALSE,FALSE,FALSE,FALSE,FALSE
"INC-0279","IPV",FALSE,FALSE,FALSE,TRUE,TRUE,TRUE
"INC-0280","IPV",FALSE,FALSE,FALSE,FALSE,FALSE,FALSE
"INC-0281","IPV",FALSE,FALSE,FALSE,FALSE,FALSE,FALSE
"INC-0282","IPV",FALSE,FALSE,FALSE,TRUE,TRUE,TRUE
"INC-0283","IPV",FALSE,FALSE,FALSE,TRUE,FALSE,FALSE
"INC-0284","Other familial",FALSE,FALSE,FALSE,TRUE,FALSE,FALSE
"INC-0285","IPV",FALSE,FALSE,FALSE,TRUE,TRUE,TRUE
"INC-0286","IPV",FALSE,FALSE,FALSE,FALSE,FALSE,FALSE
"INC-0287","IPV",FALSE,TRUE,FALSE,TRUE,FALSE,FALSE
"INC-0288","IPV",FALSE,FALSE,FALSE,TRUE,TRUE,TRUE
"INC-0289","IPV",FALSE,FALSE,FALSE,TRUE,FALSE,FALSE
"INC-0290","IPV",FALSE,FALSE,FALSE,TRUE,TRUE,TRUE
"INC-0291","IPV",FALSE,FALSE,TRUE,FALSE,TRUE,FALSE
"INC-0292","IPV",FALSE,FALSE,FALSE,FALSE,TRUE,FALSE
"INC-0293","Other/uncategorised",FALSE,FALSE,FALSE,TRUE,TRUE,TRUE
"INC-0294","Other familial",FALSE,FALSE,FALSE,TRUE,FALSE,FALSE
"INC-0295","Other familial",FALSE,FALSE,FALSE,TRUE,FALSE,FALSE
"INC-0296","IPV",FALSE,TRUE,TRUE,FALSE,FALSE,FALSE
"INC-0297","Parricide",TRUE,FALSE,FALSE,TRUE,TRUE,TRUE
"INC-0298","IPV",FALSE,FALSE,FALSE,FALSE,FALSE,FALSE
"INC-0299","IPV",FALSE,FALSE,FALSE,FALSE,FALSE,FALSE
"INC-0300","Other/uncategorised",FALSE,FALSE,FALSE,FALSE,TRUE,FALSE
"INC-0301","Parricide",TRUE,FALSE,FALSE,FALSE,TRUE,FALSE
"INC-0302","IPV",FALSE,FALSE,FALSE,FALSE,FALSE,FALSE
"INC-0303","Other familial",FALSE,FALSE,FALSE,FALSE,TRUE,FALSE
"INC-0304","IPV",FALSE,FALSE,TRUE,FALSE,FALSE,FALSE
"INC-0305","IPV",FALSE,FALSE,FALSE,FALSE,TRUE,FALSE
"INC-0306","IPV",FALSE,FALSE,FALSE,FALSE,FALSE,FALSE
"INC-0307","Parricide",TRUE,FALSE,FALSE,TRUE,TRUE,TRUE
"INC-0308","IPV",FALSE,FALSE,FALSE,TRUE,TRUE,TRUE
"INC-0309","Parricide",TRUE,FALSE,TRUE,FALSE,TRUE,FALSE
"INC-0310","IPV",FALSE,FALSE,FALSE,FALSE,TRUE,FALSE
"INC-0311","IPV",FALSE,FALSE,FALSE,FALSE,TRUE,FALSE
"INC-0312","IPV",FALSE,FALSE,FALSE,TRUE,TRUE,TRUE
"INC-0313","Other/uncategorised",FALSE,FALSE,FALSE,FALSE,FALSE,FALSE
"INC-0314","IPV",FALSE,FALSE,FALSE,FALSE,TRUE,FALSE
"INC-0315","IPV",FALSE,FALSE,FALSE,TRUE,TRUE,TRUE
"INC-0316","Parricide",TRUE,FALSE,FALSE,FALSE,FALSE,FALSE
"INC-0317","IPV",FALSE,FALSE,FALSE,TRUE,FALSE,FALSE
"INC-0318","Other familial",FALSE,FALSE,FALSE,TRUE,TRUE,TRUE
"INC-0319","IPV",FALSE,FALSE,FALSE,TRUE,TRUE,TRUE
"INC-0320","IPV",FALSE,FALSE,FALSE,TRUE,TRUE,TRUE
"INC-0321","Parricide",TRUE,FALSE,FALSE,TRUE,TRUE,TRUE
"INC-0323","Parricide",TRUE,FALSE,FALSE,TRUE,TRUE,TRUE
"INC-0324","IPV",FALSE,FALSE,FALSE,FALSE,FALSE,FALSE
"INC-0325","IPV",FALSE,FALSE,FALSE,TRUE,TRUE,TRUE
"INC-0326","IPV",FALSE,FALSE,FALSE,FALSE,TRUE,FALSE
"INC-0327","Other/uncategorised",FALSE,FALSE,FALSE,TRUE,TRUE,TRUE
"INC-0328","IPV",FALSE,FALSE,FALSE,FALSE,FALSE,FALSE
"INC-0329","IPV",FALSE,FALSE,FALSE,TRUE,TRUE,TRUE
"INC-0330","IPV",FALSE,FALSE,FALSE,FALSE,TRUE,FALSE
"INC-0331","Other familial",FALSE,FALSE,FALSE,FALSE,FALSE,FALSE
"INC-0332","Other/uncategorised",FALSE,FALSE,FALSE,TRUE,TRUE,TRUE
"INC-0334","IPV",FALSE,FALSE,FALSE,TRUE,TRUE,TRUE
"INC-0335","IPV",FALSE,FALSE,TRUE,FALSE,TRUE,FALSE
"INC-0336","IPV",FALSE,FALSE,FALSE,TRUE,TRUE,TRUE
"INC-0337","IPV",FALSE,FALSE,FALSE,TRUE,TRUE,TRUE
"INC-0338","IPV",FALSE,FALSE,FALSE,FALSE,TRUE,FALSE
"INC-0339","IPV",FALSE,FALSE,FALSE,FALSE,FALSE,FALSE
"INC-0340","IPV",FALSE,FALSE,FALSE,FALSE,FALSE,FALSE
"INC-0341","Parricide",TRUE,FALSE,FALSE,FALSE,TRUE,FALSE
"INC-0342","IPV",FALSE,FALSE,FALSE,FALSE,TRUE,FALSE
"INC-0343","IPV",FALSE,FALSE,FALSE,FALSE,FALSE,FALSE
"INC-0344","Parricide",TRUE,FALSE,FALSE,FALSE,FALSE,FALSE
"INC-0345","Other familial",FALSE,FALSE,FALSE,TRUE,FALSE,FALSE
"INC-0346","IPV",FALSE,FALSE,FALSE,TRUE,TRUE,TRUE
"INC-0347","IPV",FALSE,FALSE,FALSE,FALSE,FALSE,FALSE
"INC-0348","IPV",FALSE,FALSE,FALSE,FALSE,FALSE,FALSE
"INC-0349","IPV",FALSE,FALSE,FALSE,FALSE,FALSE,FALSE
"INC-0350","IPV",FALSE,FALSE,FALSE,TRUE,FALSE,FALSE
"INC-0351","IPV",FALSE,TRUE,FALSE,TRUE,FALSE,FALSE
"INC-0352","IPV",FALSE,FALSE,TRUE,FALSE,FALSE,FALSE
"INC-0353","IPV",FALSE,FALSE,FALSE,TRUE,FALSE,FALSE
"INC-0354","IPV",FALSE,FALSE,TRUE,FALSE,FALSE,FALSE
"INC-0355","IPV",FALSE,FALSE,FALSE,FALSE,FALSE,FALSE
"INC-0356","IPV",FALSE,FALSE,FALSE,FALSE,FALSE,FALSE
"INC-0357","IPV",FALSE,TRUE,FALSE,FALSE,FALSE,FALSE
"INC-0358","IPV",FALSE,FALSE,FALSE,FALSE,FALSE,FALSE
"INC-0359","IPV",FALSE,TRUE,FALSE,TRUE,FALSE,FALSE
"INC-0360","Other familial",FALSE,FALSE,FALSE,FALSE,FALSE,FALSE
"INC-0361","IPV",FALSE,FALSE,FALSE,FALSE,FALSE,FALSE
"INC-0363","IPV",FALSE,FALSE,FALSE,TRUE,TRUE,TRUE
"INC-0364","IPV",FALSE,FALSE,FALSE,TRUE,TRUE,TRUE
"INC-0365","IPV",FALSE,FALSE,FALSE,TRUE,TRUE,TRUE
"INC-0366","IPV",FALSE,FALSE,FALSE,TRUE,FALSE,FALSE
"INC-0367","IPV",FALSE,FALSE,FALSE,FALSE,FALSE,FALSE
"INC-0369","IPV",FALSE,FALSE,FALSE,FALSE,FALSE,FALSE
"INC-0370","IPV",FALSE,FALSE,TRUE,FALSE,FALSE,FALSE
"INC-0371","Other/uncategorised",FALSE,FALSE,FALSE,TRUE,FALSE,FALSE
"INC-0372","IPV",FALSE,TRUE,FALSE,FALSE,FALSE,FALSE
"INC-0373","IPV",FALSE,FALSE,TRUE,FALSE,FALSE,FALSE
"INC-0375","IPV",FALSE,FALSE,FALSE,FALSE,TRUE,FALSE
"INC-0376","IPV",FALSE,FALSE,FALSE,FALSE,TRUE,FALSE
"INC-0377","Parricide",TRUE,FALSE,FALSE,TRUE,TRUE,TRUE
"INC-0378","IPV",FALSE,FALSE,FALSE,TRUE,TRUE,TRUE
"INC-0379","Parricide",TRUE,FALSE,FALSE,FALSE,TRUE,FALSE
"INC-0380","IPV",FALSE,FALSE,TRUE,FALSE,TRUE,FALSE
"INC-0381","Other familial",FALSE,FALSE,FALSE,FALSE,FALSE,FALSE
"INC-0383","IPV",FALSE,FALSE,FALSE,FALSE,FALSE,FALSE
"INC-0384","Parricide",TRUE,FALSE,FALSE,FALSE,TRUE,FALSE
"INC-0385","Other/uncategorised",FALSE,FALSE,FALSE,TRUE,TRUE,TRUE
"INC-0386","IPV",FALSE,FALSE,FALSE,TRUE,TRUE,TRUE
"INC-0387","IPV",FALSE,FALSE,FALSE,TRUE,TRUE,TRUE
"INC-0388","IPV",FALSE,FALSE,FALSE,FALSE,FALSE,FALSE
"INC-0389","IPV",FALSE,FALSE,FALSE,TRUE,TRUE,TRUE
"INC-0390","IPV",FALSE,FALSE,FALSE,FALSE,FALSE,FALSE
"INC-0391","IPV",FALSE,FALSE,FALSE,FALSE,FALSE,FALSE
"INC-0392","IPV",FALSE,FALSE,TRUE,FALSE,FALSE,FALSE
"INC-0393","IPV",FALSE,TRUE,FALSE,TRUE,TRUE,TRUE
"INC-0394","IPV",FALSE,FALSE,FALSE,FALSE,FALSE,FALSE
"INC-0395","Other/uncategorised",FALSE,FALSE,FALSE,TRUE,TRUE,TRUE
"INC-0396","IPV",FALSE,FALSE,FALSE,TRUE,TRUE,TRUE
"INC-0397","IPV",FALSE,FALSE,FALSE,TRUE,TRUE,TRUE
"INC-0398","IPV",FALSE,FALSE,FALSE,FALSE,TRUE,FALSE
"INC-0399","IPV",FALSE,FALSE,FALSE,TRUE,TRUE,TRUE
"INC-0400","Parricide",TRUE,FALSE,FALSE,TRUE,TRUE,TRUE
"INC-0401","IPV",FALSE,FALSE,FALSE,FALSE,TRUE,FALSE
"INC-0402","IPV",FALSE,FALSE,FALSE,TRUE,FALSE,FALSE
"INC-0403","IPV",FALSE,FALSE,FALSE,FALSE,FALSE,FALSE
"INC-0404","IPV",FALSE,FALSE,FALSE,FALSE,FALSE,FALSE
"INC-0405","Other/uncategorised",FALSE,FALSE,FALSE,FALSE,FALSE,FALSE
"INC-0406","Parricide",TRUE,FALSE,FALSE,FALSE,FALSE,FALSE
"INC-0407","IPV",FALSE,FALSE,FALSE,TRUE,TRUE,TRUE
"INC-0408","IPV",FALSE,FALSE,FALSE,FALSE,FALSE,FALSE
"INC-0409","IPV",FALSE,FALSE,FALSE,FALSE,FALSE,FALSE
"INC-0410","IPV",FALSE,FALSE,FALSE,TRUE,FALSE,FALSE
"INC-0411","IPV",FALSE,FALSE,FALSE,FALSE,FALSE,FALSE
"INC-0412","IPV",FALSE,FALSE,FALSE,FALSE,TRUE,FALSE
"INC-0414","IPV",FALSE,FALSE,TRUE,FALSE,TRUE,FALSE
"INC-0415","IPV",FALSE,FALSE,FALSE,FALSE,FALSE,FALSE
"INC-0416","IPV",FALSE,FALSE,TRUE,FALSE,FALSE,FALSE
"INC-0417","IPV",FALSE,TRUE,FALSE,TRUE,FALSE,FALSE
"INC-0418","IPV",FALSE,FALSE,TRUE,FALSE,FALSE,FALSE
"INC-0419","IPV",FALSE,FALSE,FALSE,FALSE,TRUE,FALSE
"INC-0420","IPV",FALSE,FALSE,FALSE,FALSE,TRUE,FALSE
"INC-0421","IPV",FALSE,TRUE,FALSE,TRUE,TRUE,TRUE
"INC-0422","IPV",FALSE,FALSE,FALSE,FALSE,FALSE,FALSE
"INC-0423","IPV",FALSE,FALSE,FALSE,FALSE,TRUE,FALSE
"INC-0424","IPV",FALSE,FALSE,FALSE,FALSE,FALSE,FALSE
"INC-0425","IPV",FALSE,FALSE,FALSE,FALSE,FALSE,FALSE
"INC-0426","IPV",FALSE,FALSE,FALSE,FALSE,TRUE,FALSE
"INC-0427","IPV",FALSE,FALSE,FALSE,FALSE,FALSE,FALSE
"INC-0428","IPV",TRUE,FALSE,FALSE,FALSE,TRUE,FALSE
"INC-0429","IPV",FALSE,FALSE,TRUE,FALSE,FALSE,FALSE
"INC-0430","Other/uncategorised",FALSE,TRUE,FALSE,FALSE,FALSE,FALSE
"INC-0431","IPV",FALSE,FALSE,FALSE,FALSE,TRUE,FALSE
"INC-0432","Parricide",TRUE,FALSE,FALSE,FALSE,TRUE,FALSE
"INC-0433","IPV",FALSE,FALSE,FALSE,FALSE,FALSE,FALSE
"INC-0435","IPV",FALSE,FALSE,FALSE,TRUE,TRUE,TRUE
"INC-0436","IPV",FALSE,FALSE,FALSE,TRUE,TRUE,TRUE
"INC-0437","IPV",FALSE,FALSE,TRUE,FALSE,TRUE,FALSE
"INC-0438","IPV",FALSE,FALSE,FALSE,TRUE,TRUE,TRUE
"INC-0439","IPV",FALSE,FALSE,TRUE,FALSE,FALSE,FALSE
"INC-0440","Parricide",TRUE,FALSE,FALSE,FALSE,FALSE,FALSE
"INC-0441","IPV",FALSE,FALSE,TRUE,TRUE,TRUE,TRUE
"INC-0442","IPV",FALSE,FALSE,FALSE,TRUE,TRUE,TRUE
"INC-0443","IPV",FALSE,FALSE,FALSE,FALSE,TRUE,FALSE
"INC-0444","IPV",FALSE,FALSE,FALSE,FALSE,FALSE,FALSE
"INC-0445","IPV",FALSE,FALSE,FALSE,FALSE,FALSE,FALSE
"INC-0446","IPV",FALSE,FALSE,FALSE,TRUE,TRUE,TRUE
"INC-0447","Parricide",TRUE,FALSE,FALSE,FALSE,FALSE,FALSE
"INC-0448","IPV",FALSE,FALSE,FALSE,FALSE,TRUE,FALSE
"INC-0449","IPV",FALSE,FALSE,FALSE,TRUE,TRUE,TRUE
"INC-0450","Parricide",TRUE,FALSE,FALSE,FALSE,FALSE,FALSE
"INC-0452","IPV",FALSE,FALSE,FALSE,FALSE,FALSE,FALSE
"INC-0454","IPV",FALSE,FALSE,FALSE,FALSE,FALSE,FALSE
"INC-0455","Parricide",TRUE,FALSE,FALSE,FALSE,FALSE,FALSE
"INC-0456","IPV",FALSE,FALSE,FALSE,FALSE,FALSE,FALSE
"INC-0458","Parricide",TRUE,FALSE,FALSE,TRUE,TRUE,TRUE
"INC-0459","IPV",FALSE,FALSE,FALSE,TRUE,TRUE,TRUE
"INC-0462","Parricide",TRUE,FALSE,FALSE,FALSE,FALSE,FALSE
"INC-0463","IPV",FALSE,FALSE,TRUE,FALSE,FALSE,FALSE
"INC-0464","Other/uncategorised",FALSE,FALSE,FALSE,TRUE,TRUE,TRUE
"INC-0465","Parricide",TRUE,FALSE,FALSE,TRUE,FALSE,FALSE
"INC-0466","IPV",FALSE,FALSE,FALSE,TRUE,TRUE,TRUE
"INC-0467","IPV",FALSE,FALSE,FALSE,TRUE,TRUE,TRUE
"INC-0468","Other/uncategorised",FALSE,FALSE,FALSE,TRUE,FALSE,FALSE
"INC-0469","IPV",FALSE,FALSE,FALSE,TRUE,TRUE,TRUE
"INC-0470","IPV",FALSE,FALSE,FALSE,TRUE,TRUE,TRUE
"INC-0471","IPV",FALSE,FALSE,FALSE,TRUE,TRUE,TRUE
"INC-0472","Parricide",TRUE,FALSE,FALSE,FALSE,TRUE,FALSE
"INC-0473","IPV",FALSE,FALSE,FALSE,TRUE,FALSE,FALSE
"INC-0474","Other familial",FALSE,FALSE,FALSE,TRUE,TRUE,TRUE
"INC-0475","Parricide",TRUE,FALSE,FALSE,FALSE,FALSE,FALSE
"INC-0476","IPV",FALSE,FALSE,FALSE,FALSE,FALSE,FALSE
"INC-0477","IPV",FALSE,FALSE,FALSE,TRUE,FALSE,FALSE
"INC-0478","IPV",FALSE,FALSE,FALSE,FALSE,FALSE,FALSE
"INC-0479","IPV",FALSE,FALSE,FALSE,TRUE,TRUE,TRUE
"INC-0480","IPV",FALSE,FALSE,FALSE,FALSE,TRUE,FALSE
"INC-0481","Parricide",TRUE,FALSE,FALSE,TRUE,TRUE,TRUE
"INC-0482","IPV",FALSE,FALSE,FALSE,FALSE,FALSE,FALSE
"INC-0483","Parricide",TRUE,FALSE,FALSE,FALSE,FALSE,FALSE
"INC-0484","IPV",FALSE,FALSE,FALSE,FALSE,FALSE,FALSE
"INC-0485","IPV",FALSE,FALSE,FALSE,FALSE,FALSE,FALSE
"INC-0486","IPV",FALSE,FALSE,FALSE,FALSE,FALSE,FALSE
"INC-0487","Other/uncategorised",FALSE,FALSE,FALSE,TRUE,TRUE,TRUE
"INC-0488","Parricide",TRUE,FALSE,FALSE,FALSE,FALSE,FALSE
"INC-0489","Other familial",FALSE,FALSE,FALSE,FALSE,FALSE,FALSE
"INC-0491","IPV",FALSE,FALSE,FALSE,FALSE,TRUE,FALSE
"INC-0492","IPV",FALSE,FALSE,TRUE,FALSE,TRUE,FALSE
"INC-0493","IPV",FALSE,FALSE,FALSE,FALSE,FALSE,FALSE
"INC-0494","Parricide",TRUE,FALSE,FALSE,FALSE,FALSE,FALSE
"INC-0495","IPV",FALSE,FALSE,FALSE,TRUE,FALSE,FALSE
"INC-0496","IPV",FALSE,FALSE,FALSE,FALSE,FALSE,FALSE
"INC-0497","IPV",FALSE,FALSE,FALSE,FALSE,FALSE,FALSE
"INC-0498","Other/uncategorised",FALSE,FALSE,FALSE,TRUE,TRUE,TRUE
"INC-0500","Parricide",TRUE,FALSE,FALSE,FALSE,TRUE,FALSE
"INC-0501","Other familial",FALSE,FALSE,FALSE,TRUE,TRUE,TRUE
"INC-0502","IPV",FALSE,FALSE,FALSE,TRUE,TRUE,TRUE
"INC-0503","IPV",FALSE,FALSE,FALSE,FALSE,TRUE,FALSE
"INC-0504","IPV",FALSE,FALSE,TRUE,FALSE,FALSE,FALSE
"INC-0505","IPV",FALSE,FALSE,FALSE,FALSE,FALSE,FALSE
"INC-0506","IPV",FALSE,FALSE,FALSE,FALSE,FALSE,FALSE
"INC-0507","IPV",FALSE,FALSE,FALSE,TRUE,TRUE,TRUE
"INC-0508","IPV",FALSE,FALSE,FALSE,FALSE,FALSE,FALSE
"INC-0509","Parricide",TRUE,FALSE,FALSE,TRUE,FALSE,FALSE
"INC-0510","IPV",FALSE,FALSE,FALSE,TRUE,TRUE,TRUE
"INC-0512","Parricide",TRUE,FALSE,FALSE,FALSE,TRUE,FALSE
"INC-0513","IPV",FALSE,FALSE,TRUE,FALSE,FALSE,FALSE
"INC-0514","IPV",FALSE,FALSE,FALSE,FALSE,FALSE,FALSE
"INC-0515","IPV",FALSE,FALSE,TRUE,FALSE,FALSE,FALSE
"INC-0516","Parricide",TRUE,FALSE,FALSE,FALSE,FALSE,FALSE
"INC-0517","IPV",FALSE,FALSE,FALSE,TRUE,TRUE,TRUE
"INC-0518","IPV",FALSE,FALSE,FALSE,FALSE,FALSE,FALSE
"INC-0519","IPV",FALSE,TRUE,FALSE,FALSE,FALSE,FALSE
"INC-0520","IPV",FALSE,FALSE,FALSE,FALSE,TRUE,FALSE
"INC-0521","IPV",FALSE,FALSE,FALSE,FALSE,TRUE,FALSE
"INC-0522","IPV",FALSE,FALSE,FALSE,FALSE,FALSE,FALSE
"INC-0523","IPV",FALSE,FALSE,FALSE,FALSE,TRUE,FALSE
"INC-0524","IPV",FALSE,FALSE,FALSE,FALSE,FALSE,FALSE
"INC-0525","IPV",FALSE,FALSE,FALSE,TRUE,TRUE,TRUE
"INC-0526","IPV",FALSE,FALSE,TRUE,TRUE,TRUE,TRUE
"INC-0527","IPV",FALSE,FALSE,FALSE,TRUE,TRUE,TRUE
"INC-0528","IPV",FALSE,FALSE,FALSE,TRUE,TRUE,TRUE
"INC-0529","IPV",FALSE,FALSE,FALSE,TRUE,FALSE,FALSE
"INC-0530","IPV",FALSE,FALSE,FALSE,FALSE,TRUE,FALSE
"INC-0531","IPV",FALSE,FALSE,FALSE,TRUE,TRUE,TRUE
"INC-0532","IPV",FALSE,FALSE,TRUE,TRUE,FALSE,FALSE
"INC-0533","Parricide",TRUE,FALSE,FALSE,FALSE,FALSE,FALSE
"INC-0534","IPV",FALSE,FALSE,FALSE,FALSE,FALSE,FALSE
"INC-0535","IPV",FALSE,FALSE,FALSE,FALSE,FALSE,FALSE
"INC-0536","IPV",FALSE,FALSE,FALSE,FALSE,TRUE,FALSE
"INC-0537","Parricide",TRUE,FALSE,FALSE,FALSE,FALSE,FALSE
"INC-0538","IPV",FALSE,FALSE,TRUE,TRUE,TRUE,TRUE
"INC-0539","IPV",FALSE,FALSE,FALSE,FALSE,FALSE,FALSE
"INC-0540","IPV",FALSE,FALSE,FALSE,FALSE,FALSE,FALSE
"INC-0541","IPV",FALSE,FALSE,FALSE,FALSE,TRUE,FALSE
"INC-0542","IPV",FALSE,FALSE,FALSE,FALSE,TRUE,FALSE
"INC-0543","IPV",FALSE,FALSE,FALSE,TRUE,FALSE,FALSE
"INC-0544","IPV",FALSE,FALSE,FALSE,TRUE,TRUE,TRUE
"INC-0545","Other familial",FALSE,FALSE,FALSE,TRUE,TRUE,TRUE
"INC-0546","IPV",FALSE,FALSE,TRUE,FALSE,FALSE,FALSE
"INC-0547","Other familial",FALSE,FALSE,FALSE,FALSE,FALSE,FALSE
"INC-0549","IPV",FALSE,TRUE,FALSE,TRUE,TRUE,TRUE
"INC-0550","IPV",FALSE,FALSE,TRUE,FALSE,FALSE,FALSE
"INC-0551","IPV",FALSE,FALSE,FALSE,FALSE,TRUE,FALSE
"INC-0552","Parricide",TRUE,FALSE,TRUE,FALSE,TRUE,FALSE
"INC-0553","IPV",FALSE,FALSE,FALSE,FALSE,FALSE,FALSE
"INC-0554","IPV",FALSE,FALSE,FALSE,TRUE,TRUE,TRUE
"INC-0555","IPV",FALSE,FALSE,FALSE,TRUE,TRUE,TRUE
"INC-0556","Parricide",TRUE,FALSE,FALSE,FALSE,FALSE,FALSE
"INC-0557","Other familial",FALSE,FALSE,FALSE,FALSE,FALSE,FALSE
"INC-0558","IPV",FALSE,FALSE,FALSE,FALSE,FALSE,FALSE
"INC-0559","IPV",FALSE,FALSE,TRUE,FALSE,FALSE,FALSE
"INC-0560","IPV",FALSE,FALSE,FALSE,FALSE,FALSE,FALSE
"INC-0561","IPV",FALSE,FALSE,FALSE,TRUE,TRUE,TRUE
"INC-0562","IPV",FALSE,FALSE,TRUE,FALSE,FALSE,FALSE
"INC-0563","IPV",FALSE,FALSE,FALSE,FALSE,TRUE,FALSE
"INC-0564","Other familial",FALSE,FALSE,FALSE,FALSE,FALSE,FALSE
"INC-0565","Parricide",TRUE,FALSE,FALSE,FALSE,FALSE,FALSE
"INC-0566","Parricide",TRUE,FALSE,FALSE,FALSE,FALSE,FALSE
"INC-0567","IPV",FALSE,FALSE,FALSE,FALSE,TRUE,FALSE
"INC-0568","IPV",FALSE,FALSE,FALSE,TRUE,TRUE,TRUE
"INC-0569","Parricide",TRUE,FALSE,FALSE,FALSE,TRUE,FALSE
"INC-0570","Other familial",FALSE,FALSE,FALSE,FALSE,TRUE,FALSE
"INC-0572","Parricide",TRUE,FALSE,FALSE,FALSE,FALSE,FALSE
"INC-0574","IPV",FALSE,FALSE,FALSE,FALSE,TRUE,FALSE
"INC-0575","IPV",FALSE,TRUE,FALSE,TRUE,TRUE,TRUE
"INC-0576","IPV",FALSE,FALSE,FALSE,FALSE,FALSE,FALSE
"INC-0578","Parricide",TRUE,FALSE,TRUE,FALSE,TRUE,FALSE
"INC-0579","IPV",FALSE,FALSE,FALSE,FALSE,FALSE,FALSE
"INC-0580","Other familial",FALSE,FALSE,FALSE,FALSE,FALSE,FALSE
"INC-0581","IPV",FALSE,FALSE,FALSE,FALSE,FALSE,FALSE
"INC-0582","IPV",FALSE,FALSE,TRUE,TRUE,FALSE,FALSE
"INC-0583","Other/uncategorised",FALSE,FALSE,FALSE,TRUE,TRUE,TRUE
"INC-0584","IPV",FALSE,FALSE,FALSE,TRUE,TRUE,TRUE
"INC-0585","IPV",FALSE,FALSE,FALSE,TRUE,TRUE,TRUE
"INC-0586","IPV",FALSE,TRUE,FALSE,TRUE,FALSE,FALSE
"INC-0587","Other familial",FALSE,FALSE,FALSE,FALSE,TRUE,FALSE
"INC-0588","Other familial",FALSE,FALSE,FALSE,FALSE,FALSE,FALSE
"INC-0589","Parricide",TRUE,FALSE,FALSE,FALSE,FALSE,FALSE
"INC-0590","IPV",FALSE,FALSE,FALSE,FALSE,FALSE,FALSE
"INC-0591","Parricide",TRUE,FALSE,FALSE,FALSE,FALSE,FALSE
"INC-0592","Parricide",TRUE,FALSE,FALSE,TRUE,TRUE,TRUE
"INC-0593","IPV",FALSE,FALSE,FALSE,FALSE,TRUE,FALSE
"INC-0594","Parricide",TRUE,FALSE,TRUE,FALSE,TRUE,FALSE
"INC-0595","IPV",FALSE,FALSE,FALSE,FALSE,TRUE,FALSE
"INC-0596","IPV",FALSE,FALSE,FALSE,FALSE,TRUE,FALSE
"INC-0597","IPV",FALSE,TRUE,FALSE,TRUE,FALSE,FALSE
"INC-0598","IPV",FALSE,FALSE,FALSE,FALSE,FALSE,FALSE
"INC-0599","IPV",FALSE,FALSE,FALSE,FALSE,TRUE,FALSE
"INC-0600","IPV",FALSE,FALSE,FALSE,FALSE,TRUE,FALSE
"INC-0601","IPV",FALSE,FALSE,TRUE,FALSE,TRUE,FALSE
"INC-0602","IPV",FALSE,FALSE,FALSE,FALSE,FALSE,FALSE
"INC-0603","Other familial",FALSE,FALSE,FALSE,FALSE,TRUE,FALSE
"INC-0604","IPV",FALSE,FALSE,FALSE,TRUE,TRUE,TRUE
"INC-0605","IPV",FALSE,FALSE,FALSE,FALSE,FALSE,FALSE
"INC-0606","Other familial",FALSE,FALSE,FALSE,FALSE,FALSE,FALSE
"INC-0607","IPV",FALSE,FALSE,FALSE,FALSE,FALSE,FALSE
"INC-0608","IPV",FALSE,TRUE,FALSE,TRUE,FALSE,FALSE
"INC-0609","IPV",FALSE,TRUE,FALSE,TRUE,FALSE,FALSE
"INC-0610","IPV",FALSE,FALSE,FALSE,FALSE,FALSE,FALSE
"INC-0611","Other familial",FALSE,FALSE,FALSE,TRUE,TRUE,TRUE
"INC-0612","IPV",FALSE,FALSE,FALSE,FALSE,FALSE,FALSE
"INC-0613","IPV",FALSE,FALSE,TRUE,TRUE,TRUE,TRUE
"INC-0614","IPV",FALSE,FALSE,FALSE,FALSE,FALSE,FALSE
"INC-0615","Other/uncategorised",FALSE,FALSE,FALSE,FALSE,TRUE,FALSE
"INC-0616","IPV",FALSE,FALSE,FALSE,FALSE,FALSE,FALSE
"INC-0617","IPV",FALSE,TRUE,FALSE,FALSE,FALSE,FALSE
"INC-0618","Parricide",TRUE,FALSE,FALSE,FALSE,TRUE,FALSE
"INC-0619","IPV",FALSE,FALSE,FALSE,TRUE,FALSE,FALSE
"INC-0620","IPV",FALSE,FALSE,FALSE,TRUE,TRUE,TRUE
"INC-0621","IPV",FALSE,TRUE,FALSE,TRUE,TRUE,TRUE
"INC-0622","IPV",FALSE,FALSE,TRUE,FALSE,TRUE,FALSE
"INC-0623","IPV",FALSE,TRUE,FALSE,TRUE,TRUE,TRUE
"INC-0625","Other familial",FALSE,FALSE,FALSE,FALSE,FALSE,FALSE
"INC-0626","IPV",FALSE,FALSE,FALSE,FALSE,TRUE,FALSE
"INC-0627","Other/uncategorised",FALSE,FALSE,FALSE,TRUE,TRUE,TRUE
"INC-0628","IPV",FALSE,FALSE,FALSE,FALSE,FALSE,FALSE
"INC-0629","IPV",FALSE,FALSE,FALSE,FALSE,FALSE,FALSE
"INC-0630","IPV",TRUE,FALSE,FALSE,FALSE,FALSE,FALSE
"INC-0631","IPV",FALSE,FALSE,FALSE,TRUE,TRUE,TRUE
"INC-0632","IPV",FALSE,FALSE,FALSE,TRUE,FALSE,FALSE
"INC-0633","IPV",FALSE,FALSE,TRUE,FALSE,FALSE,FALSE
"INC-0634","IPV",FALSE,FALSE,FALSE,TRUE,TRUE,TRUE
"INC-0635","IPV",FALSE,FALSE,FALSE,FALSE,TRUE,FALSE
"INC-0636","Parricide",TRUE,FALSE,FALSE,FALSE,FALSE,FALSE
"INC-0637","Parricide",TRUE,FALSE,FALSE,FALSE,TRUE,FALSE
"INC-0638","IPV",FALSE,TRUE,FALSE,TRUE,TRUE,TRUE
"INC-0639","Other familial",FALSE,FALSE,FALSE,FALSE,TRUE,FALSE
"INC-0640","IPV",TRUE,FALSE,FALSE,FALSE,FALSE,FALSE
"INC-0641","IPV",FALSE,FALSE,FALSE,FALSE,TRUE,FALSE
"INC-0642","IPV",FALSE,FALSE,FALSE,TRUE,TRUE,TRUE
"INC-0643","IPV",FALSE,FALSE,FALSE,FALSE,FALSE,FALSE
"INC-0644","IPV",FALSE,FALSE,FALSE,FALSE,FALSE,FALSE
"INC-0645","Other familial",FALSE,FALSE,FALSE,FALSE,FALSE,FALSE
"INC-0646","IPV",FALSE,FALSE,TRUE,FALSE,FALSE,FALSE
"INC-0647","IPV",FALSE,FALSE,FALSE,FALSE,TRUE,FALSE
