"incident_id","victim_alcohol_indicator","perpetrator_alcohol_indicator","any_alcohol_indicator","both_victim_and_perpetrator_alcohol"
"INC-0001",FALSE,FALSE,FALSE,FALSE
"INC-0002",TRUE,FALSE,TRUE,FALSE
"INC-0003",FALSE,FALSE,FALSE,FALSE
"INC-0004",FALSE,FALSE,FALSE,FALSE
"INC-0005",TRUE,TRUE,TRUE,TRUE
"INC-0006",FALSE,FALSE,FALSE,FALSE
"INC-0007",FALSE,FALSE,FALSE,FALSE
"INC-0009",TRUE,TRUE,TRUE,TRUE
"INC-0010",FALSE,FALSE,FALSE,FALSE
"INC-0011",FALSE,TRUE,TRUE,FALSE
"INC-0012",FALSE,FALSE,FALSE,FALSE
"INC-0013",FALSE,FALSE,FALSE,FALSE
"INC-0014",FALSE,FALSE,FALSE,FALSE
"INC-0015",FALSE,TRUE,TRUE,FALSE
"INC-0016",FALSE,FALSE,FALSE,FALSE
"INC-0017",FALSE,TRUE,TRUE,FALSE
"INC-0018",TRUE,TRUE,TRUE,TRUE
"INC-0019",FALSE,FALSE,FALSE,FALSE
"INC-0020",TRUE,TRUE,TRUE,TRUE
"INC-0021",TRUE,FALSE,TRUE,FALSE
"INC-0022",TRUE,FALSE,TRUE,FALSE
"INC-0023",TRUE,TRUE,TRUE,TRUE
"INC-0024",FALSE,FALSE,FALSE,FALSE
"INC-0025",FALSE,FALSE,FALSE,FALSE
"INC-0026",FALSE,FALSE,FALSE,FALSE
"INC-0028",FALSE,FALSE,FALSE,FALSE
"INC-0029",FALSE,TRUE,TRUE,FALSE
"INC-0030",FALSE,FALSE,FALSE,FALSE
"INC-0031",FALSE,FALSE,FALSE,FALSE
"INC-0032",TRUE,FALSE,TRUE,FALSE
"INC-0033",TRUE,TRUE,TRUE,TRUE
"INC-0034",FALSE,TRUE,TRUE,FALSE
"INC-0035",FALSE,TRUE,TRUE,FALSE
"INC-0036",FALSE,FALSE,FALSE,FALSE
"INC-0037",FALSE,FALSE,FALSE,FALSE
"INC-0038",FALSE,FALSE,FALSE,FALSE
"INC-0039",FALSE,FALSE,FALSE,FALSE
"INC-0040",FALSE,TRUE,TRUE,FALSE
"INC-0041",FALSE,FALSE,FALSE,FALSE
"INC-0042",TRUE,FALSE,TRUE,FALSE
"INC-0043",TRUE,TRUE,TRUE,TRUE
"INC-0044",TRUE,TRUE,TRUE,TRUE
"INC-0045",FALSE,TRUE,TRUE,FALSE
"INC-0046",FALSE,FALSE,FALSE,FALSE
"INC-0047",FALSE,FALSE,FALSE,FALSE
"INC-0048",TRUE,TRUE,TRUE,TRUE
"INC-0049",FALSE,TRUE,TRUE,FALSE
"INC-0050",FALSE,FALSE,FALSE,FALSE
"INC-0051",TRUE,TRUE,TRUE,TRUE
"INC-0052",FALSE,TRUE,TRUE,FALSE
"INC-0053",FALSE,TRUE,TRUE,FALSE
"INC-0054",FALSE,FALSE,FALSE,FALSE
"INC-0055",TRUE,TRUE,TRUE,TRUE
"INC-0056",FALSE,TRUE,TRUE,FALSE
"INC-0057",FALSE,FALSE,FALSE,FALSE
"INC-0058",TRUE,TRUE,TRUE,TRUE
"INC-0059",FALSE,FALSE,FALSE,FALSE
"INC-0060",FALSE,FALSE,FALSE,FALSE
"INC-0061",FALSE,TRUE,TRUE,FALSE
"INC-0062",FALSE,FALSE,FALSE,FALSE
"INC-0063",TRUE,TRUE,TRUE,TRUE
"INC-0064",TRUE,FALSE,TRUE,FALSE
"INC-0065",TRUE,FALSE,TRUE,FALSE
"INC-0066",TRUE,FALSE,TRUE,FALSE
"INC-0067",FALSE,FALSE,FALSE,FALSE
"INC-0068",FALSE,FALSE,FALSE,FALSE
"INC-0069",TRUE,TRUE,TRUE,TRUE
"INC-0070",FALSE,FALSE,FALSE,FALSE
"INC-0071",FALSE,TRUE,TRUE,FALSE
"INC-0072",FALSE,FALSE,FALSE,FALSE
"INC-0073",TRUE,FALSE,TRUE,FALSE
"INC-0074",TRUE,TRUE,TRUE,TRUE
"INC-0075",TRUE,TRUE,TRUE,TRUE
"INC-0076",FALSE,FALSE,FALSE,FALSE
"INC-0077",TRUE,TRUE,TRUE,TRUE
"INC-0078",TRUE,FALSE,TRUE,FALSE
"INC-0079",TRUE,FALSE,TRUE,FALSE
"INC-0080",TRUE,TRUE,TRUE,TRUE
"INC-0081",FALSE,FALSE,FALSE,FALSE
"INC-0082",FALSE,FALSE,FALSE,FALSE
"INC-0083",TRUE,TRUE,TRUE,TRUE
"INC-0084",TRUE,FALSE,TRUE,FALSE
"INC-0085",FALSE,TRUE,TRUE,FALSE
"INC-0086",FALSE,TRUE,TRUE,FALSE
"INC-0087",FALSE,FALSE,FALSE,FALSE
"INC-0088",TRUE,TRUE,TRUE,TRUE
"INC-0089",FALSE,FALSE,FALSE,FALSE
"INC-0091",TRUE,TRUE,TRUE,TRUE
"INC-0092",TRUE,TRUE,TRUE,TRUE
"INC-0093",TRUE,TRUE,TRUE,TRUE
"INC-0094",TRUE,TRUE,TRUE,TRUE
"INC-0095",FALSE,TRUE,TRUE,FALSE
"INC-0096",FALSE,TRUE,TRUE,FALSE
"INC-0097",FALSE,FALSE,FALSE,FALSE
"INC-0098",FALSE,TRUE,TRUE,FALSE
"INC-0099",TRUE,TRUE,TRUE,TRUE
"INC-0100",TRUE,TRUE,TRUE,TRUE
"INC-0101",FALSE,FALSE,FALSE,FALSE
"INC-0102",FALSE,FALSE,FALSE,FALSE
"INC-0103",TRUE,TRUE,TRUE,TRUE
"INC-0104",FALSE,FALSE,FALSE,FALSE
"INC-0105",FALSE,FALSE,FALSE,FALSE
"INC-0106",FALSE,FALSE,FALSE,FALSE
"INC-0107",FALSE,FALSE,FALSE,FALSE
"INC-0108",FALSE,FALSE,FALSE,FALSE
"INC-0109",FALSE,TRUE,TRUE,FALSE
"INC-0110",TRUE,TRUE,TRUE,TRUE
"INC-0111",FALSE,FALSE,FALSE,FALSE
"INC-0112",TRUE,FALSE,TRUE,FALSE
"INC-0113",FALSE,TRUE,TRUE,FALSE
"INC-0114",FALSE,TRUE,TRUE,FALSE
"INC-0115",TRUE,FALSE,TRUE,FALSE
"INC-0116",FALSE,TRUE,TRUE,FALSE
"INC-0117",TRUE,TRUE,TRUE,TRUE
"INC-0118",FALSE,FALSE,FALSE,FALSE
"INC-0119",FALSE,FALSE,FALSE,FALSE
"INC-0120",FALSE,FALSE,FALSE,FALSE
"INC-0121",FALSE,FALSE,FALSE,FALSE
"INC-0122",FALSE,FALSE,FALSE,FALSE
"INC-0123",FALSE,FALSE,FALSE,FALSE
"INC-0124",TRUE,TRUE,TRUE,TRUE
"INC-0125",FALSE,FALSE,FALSE,FALSE
"INC-0126",FALSE,FALSE,FALSE,FALSE
"INC-0127",FALSE,FALSE,FALSE,FALSE
"INC-0128",FALSE,FALSE,FALSE,FALSE
"INC-0129",FALSE,TRUE,TRUE,FALSE
"INC-0130",TRUE,TRUE,TRUE,TRUE
"INC-0131",FALSE,FALSE,FALSE,FALSE
"INC-0132",FALSE,FALSE,FALSE,FALSE
"INC-0133",TRUE,TRUE,TRUE,TRUE
"INC-0135",TRUE,TRUE,TRUE,TRUE
"INC-0136",TRUE,TRUE,TRUE,TRUE
"INC-0137",FALSE,FALSE,FALSE,FALSE
"INC-0138",FALSE,FALSE,FALSE,FALSE
"INC-0139",TRUE,FALSE,TRUE,FALSE
"INC-0140",TRUE,TRUE,TRUE,TRUE
"INC-0141",FALSE,TRUE,TRUE,FALSE
"INC-0142",TRUE,TRUE,TRUE,TRUE
"INC-0143",FALSE,TRUE,TRUE,FALSE
"INC-0144",TRUE,TRUE,TRUE,TRUE
"INC-0145",TRUE,TRUE,TRUE,TRUE
"INC-0146",TRUE,FALSE,TRUE,FALSE
"INC-0147",FALSE,FALSE,FALSE,FALSE
"INC-0148",FALSE,FALSE,FALSE,FALSE
"INC-0149",TRUE,TRUE,TRUE,TRUE
"INC-0150",FALSE,FALSE,FALSE,FALSE
"INC-0151",TRUE,TRUE,TRUE,TRUE
"INC-0152",FALSE,TRUE,TRUE,FALSE
"INC-0153",FALSE,TRUE,TRUE,FALSE
"INC-0154",TRUE,TRUE,TRUE,TRUE
"INC-0155",TRUE,TRUE,TRUE,TRUE
"INC-0156",FALSE,FALSE,FALSE,FALSE
"INC-0157",FALSE,FALSE,FALSE,FALSE
"INC-0158",FALSE,TRUE,TRUE,FALSE
"INC-0159",FALSE,TRUE,TRUE,FALSE
"INC-0160",FALSE,FALSE,FALSE,FALSE
"INC-0161",FALSE,TRUE,TRUE,FALSE
"INC-0162",TRUE,FALSE,TRUE,FALSE
"INC-0163",FALSE,FALSE,FALSE,FALSE
"INC-0164",FALSE,FALSE,FALSE,FALSE
"INC-0165",FALSE,FALSE,FALSE,FALSE
"INC-0166",FALSE,FALSE,FALSE,FALSE
"INC-0167",TRUE,TRUE,TRUE,TRUE
"INC-0168",FALSE,TRUE,TRUE,FALSE
"INC-0169",FALSE,FALSE,FALSE,FALSE
"INC-0170",FALSE,TRUE,TRUE,FALSE
"INC-0171",TRUE,TRUE,TRUE,TRUE
"INC-0172",TRUE,FALSE,TRUE,FALSE
"INC-0173",TRUE,FALSE,TRUE,FALSE
"INC-0174",FALSE,TRUE,TRUE,FALSE
"INC-0175",TRUE,FALSE,TRUE,FALSE
"INC-0176",FALSE,TRUE,TRUE,FALSE
"INC-0177",TRUE,TRUE,TRUE,TRUE
"INC-0178",TRUE,TRUE,TRUE,TRUE
"INC-0179",TRUE,TRUE,TRUE,TRUE
"INC-0180",FALSE,FALSE,FALSE,FALSE
"INC-0181",FALSE,FALSE,FALSE,FALSE
"INC-0182",FALSE,FALSE,FALSE,FALSE
"INC-0183",FALSE,FALSE,FALSE,FALSE
"INC-0184",FALSE,TRUE,TRUE,FALSE
"INC-0185",FALSE,FALSE,FALSE,FALSE
"INC-0186",FALSE,FALSE,FALSE,FALSE
"INC-0187",FALSE,TRUE,TRUE,FALSE
"INC-0189",TRUE,FALSE,TRUE,FALSE
"INC-0190",FALSE,FALSE,FALSE,FALSE
"INC-0191",FALSE,FALSE,FALSE,FALSE
"INC-0192",FALSE,TRUE,TRUE,FALSE
"INC-0193",TRUE,TRUE,TRUE,TRUE
"INC-0194",FALSE,TRUE,TRUE,FALSE
"INC-0195",FALSE,FALSE,FALSE,FALSE
"INC-0196",FALSE,TRUE,TRUE,FALSE
"INC-0197",FALSE,FALSE,FALSE,FALSE
"INC-0198",TRUE,TRUE,TRUE,TRUE
"INC-0199",FALSE,FALSE,FALSE,FALSE
"INC-0200",TRUE,TRUE,TRUE,TRUE
"INC-0201",FALSE,TRUE,TRUE,FALSE
"INC-0202",FALSE,TRUE,TRUE,FALSE
"INC-0203",FALSE,FALSE,FALSE,FALSE
"INC-0204",FALSE,FALSE,FALSE,FALSE
"INC-0205",FALSE,FALSE,FALSE,FALSE
"INC-0206",TRUE,FALSE,TRUE,FALSE
"INC-0207",FALSE,TRUE,TRUE,FALSE
"INC-0208",FALSE,FALSE,FALSE,FALSE
"INC-0209",FALSE,FALSE,FALSE,FALSE
"INC-0210",FALSE,TRUE,TRUE,FALSE
"INC-0211",FALSE,TRUE,TRUE,FALSE
"INC-0212",FALSE,TRUE,TRUE,FALSE
"INC-0213",TRUE,TRUE,TRUE,TRUE
"INC-0214",FALSE,FALSE,FALSE,FALSE
"INC-0215",FALSE,FALSE,FALSE,FALSE
"INC-0216",TRUE,FALSE,TRUE,FALSE
"INC-0217",TRUE,FALSE,TRUE,FALSE
"INC-0218",TRUE,TRUE,TRUE,TRUE
"INC-0219",TRUE,FALSE,TRUE,FALSE
"INC-0220",TRUE,TRUE,TRUE,TRUE
"INC-0221",FALSE,TRUE,TRUE,FALSE
"INC-0222",TRUE,TRUE,TRUE,TRUE
"INC-0223",FALSE,FALSE,FALSE,FALSE
"INC-0224",FALSE,FALSE,FALSE,FALSE
"INC-0225",FALSE,TRUE,TRUE,FALSE
"INC-0226",FALSE,FALSE,FALSE,FALSE
"INC-0227",FALSE,TRUE,TRUE,FALSE
"INC-0228",TRUE,FALSE,TRUE,FALSE
"INC-0229",TRUE,TRUE,TRUE,TRUE
"INC-0230",FALSE,FALSE,FALSE,FALSE
"INC-0231",FALSE,FALSE,FALSE,FALSE
"INC-0232",FALSE,TRUE,TRUE,FALSE
"INC-0233",FALSE,FALSE,FALSE,FALSE
"INC-0234",FALSE,TRUE,TRUE,FALSE
"INC-0235",FALSE,TRUE,TRUE,FALSE
"INC-0236",FALSE,TRUE,TRUE,FALSE
"INC-0237",FALSE,FALSE,FALSE,FALSE
"INC-0238",FALSE,FALSE,FALSE,FALSE
"INC-0239",TRUE,TRUE,TRUE,TRUE
"INC-0240",FALSE,FALSE,FALSE,FALSE
"INC-0241",FALSE,TRUE,TRUE,FALSE
"INC-0242",FALSE,TRUE,TRUE,FALSE
"INC-0243",TRUE,TRUE,TRUE,TRUE
"INC-0244",TRUE,TRUE,TRUE,TRUE
"INC-0245",FALSE,FALSE,FALSE,FALSE
"INC-0246",TRUE,TRUE,TRUE,TRUE
"INC-0247",FALSE,FALSE,FALSE,FALSE
"INC-0248",FALSE,TRUE,TRUE,FALSE
"INC-0249",FALSE,TRUE,TRUE,FALSE
"INC-0250",TRUE,TRUE,TRUE,TRUE
"INC-0251",FALSE,FALSE,FALSE,FALSE
"INC-0252",FALSE,FALSE,FALSE,FALSE
"INC-0253",FALSE,FALSE,FALSE,FALSE
"INC-0254",FALSE,TRUE,TRUE,FALSE
"INC-0255",TRUE,FALSE,TRUE,FALSE
"INC-0256",TRUE,FALSE,TRUE,FALSE
"INC-0257",FALSE,FALSE,FALSE,FALSE
"INC-0258",FALSE,TRUE,TRUE,FALSE
"INC-0259",TRUE,TRUE,TRUE,TRUE
"INC-0260",FALSE,FALSE,FALSE,FALSE
"INC-0261",TRUE,TRUE,TRUE,TRUE
"INC-0262",TRUE,TRUE,TRUE,TRUE
"INC-0263",TRUE,TRUE,TRUE,TRUE
"INC-0265",FALSE,FALSE,FALSE,FALSE
"INC-0266",TRUE,FALSE,TRUE,FALSE
"INC-0267",FALSE,FALSE,FALSE,FALSE
"INC-0268",FALSE,FALSE,FALSE,FALSE
"INC-0269",FALSE,FALSE,FALSE,FALSE
"INC-0270",FALSE,FALSE,FALSE,FALSE
"INC-0271",TRUE,TRUE,TRUE,TRUE
"INC-0272",FALSE,FALSE,FALSE,FALSE
"INC-0273",FALSE,FALSE,FALSE,FALSE
"INC-0274",FALSE,FALSE,FALSE,FALSE
"INC-0275",FALSE,FALSE,FALSE,FALSE
"INC-0277",FALSE,FALSE,FALSE,FALSE
"INC-0278",FALSE,FALSE,FALSE,FALSE
"INC-0279",TRUE,TRUE,TRUE,TRUE
"INC-0280",FALSE,FALSE,FALSE,FALSE
"INC-0281",FALSE,FALSE,FALSE,FALSE
"INC-0282",TRUE,TRUE,TRUE,TRUE
"INC-0283",TRUE,FALSE,TRUE,FALSE
"INC-0284",TRUE,FALSE,TRUE,FALSE
"INC-0285",TRUE,TRUE,TRUE,TRUE
"INC-0286",FALSE,FALSE,FALSE,FALSE
"INC-0287",TRUE,FALSE,TRUE,FALSE
"INC-0288",TRUE,TRUE,TRUE,TRUE
"INC-0289",TRUE,FALSE,TRUE,FALSE
"INC-0290",TRUE,TRUE,TRUE,TRUE
"INC-0291",FALSE,TRUE,TRUE,FALSE
"INC-0292",FALSE,TRUE,TRUE,FALSE
"INC-0293",TRUE,TRUE,TRUE,TRUE
"INC-0294",TRUE,FALSE,TRUE,FALSE
"INC-0295",TRUE,FALSE,TRUE,FALSE
"INC-0296",FALSE,FALSE,FALSE,FALSE
"INC-0297",TRUE,TRUE,TRUE,TRUE
"INC-0298",FALSE,FALSE,FALSE,FALSE
"INC-0299",FALSE,FALSE,FALSE,FALSE
"INC-0300",FALSE,TRUE,TRUE,FALSE
"INC-0301",FALSE,TRUE,TRUE,FALSE
"INC-0302",FALSE,FALSE,FALSE,FALSE
"INC-0303",FALSE,TRUE,TRUE,FALSE
"INC-0304",FALSE,FALSE,FALSE,FALSE
"INC-0305",FALSE,TRUE,TRUE,FALSE
"INC-0306",FALSE,FALSE,FALSE,FALSE
"INC-0307",TRUE,TRUE,TRUE,TRUE
"INC-0308",TRUE,TRUE,TRUE,TRUE
"INC-0309",FALSE,TRUE,TRUE,FALSE
"INC-0310",FALSE,TRUE,TRUE,FALSE
"INC-0311",FALSE,TRUE,TRUE,FALSE
"INC-0312",TRUE,TRUE,TRUE,TRUE
"INC-0313",FALSE,FALSE,FALSE,FALSE
"INC-0314",FALSE,TRUE,TRUE,FALSE
"INC-0315",TRUE,TRUE,TRUE,TRUE
"INC-0316",FALSE,FALSE,FALSE,FALSE
"INC-0317",TRUE,FALSE,TRUE,FALSE
"INC-0318",TRUE,TRUE,TRUE,TRUE
"INC-0319",TRUE,TRUE,TRUE,TRUE
"INC-0320",TRUE,TRUE,TRUE,TRUE
"INC-0321",TRUE,TRUE,TRUE,TRUE
"INC-0323",TRUE,TRUE,TRUE,TRUE
"INC-0324",FALSE,FALSE,FALSE,FALSE
"INC-0325",TRUE,TRUE,TRUE,TRUE
"INC-0326",FALSE,TRUE,TRUE,FALSE
"INC-0327",TRUE,TRUE,TRUE,TRUE
"INC-0328",FALSE,FALSE,FALSE,FALSE
"INC-0329",TRUE,TRUE,TRUE,TRUE
"INC-0330",FALSE,TRUE,TRUE,FALSE
"INC-0331",FALSE,FALSE,FALSE,FALSE
"INC-0332",TRUE,TRUE,TRUE,TRUE
"INC-0334",TRUE,TRUE,TRUE,TRUE
"INC-0335",FALSE,TRUE,TRUE,FALSE
"INC-0336",TRUE,TRUE,TRUE,TRUE
"INC-0337",TRUE,TRUE,TRUE,TRUE
"INC-0338",FALSE,TRUE,TRUE,FALSE
"INC-0339",FALSE,FALSE,FALSE,FALSE
"INC-0340",FALSE,FALSE,FALSE,FALSE
"INC-0341",FALSE,TRUE,TRUE,FALSE
"INC-0342",FALSE,TRUE,TRUE,FALSE
"INC-0343",FALSE,FALSE,FALSE,FALSE
"INC-0344",FALSE,FALSE,FALSE,FALSE
"INC-0345",TRUE,FALSE,TRUE,FALSE
"INC-0346",TRUE,TRUE,TRUE,TRUE
"INC-0347",FALSE,FALSE,FALSE,FALSE
"INC-0348",FALSE,FALSE,FALSE,FALSE
"INC-0349",FALSE,FALSE,FALSE,FALSE
"INC-0350",TRUE,FALSE,TRUE,FALSE
"INC-0351",TRUE,FALSE,TRUE,FALSE
"INC-0352",FALSE,FALSE,FALSE,FALSE
"INC-0353",TRUE,FALSE,TRUE,FALSE
"INC-0354",FALSE,FALSE,FALSE,FALSE
"INC-0355",FALSE,FALSE,FALSE,FALSE
"INC-0356",FALSE,FALSE,FALSE,FALSE
"INC-0357",FALSE,FALSE,FALSE,FALSE
"INC-0358",FALSE,FALSE,FALSE,FALSE
"INC-0359",TRUE,FALSE,TRUE,FALSE
"INC-0360",FALSE,FALSE,FALSE,FALSE
"INC-0361",FALSE,FALSE,FALSE,FALSE
"INC-0363",TRUE,TRUE,TRUE,TRUE
"INC-0364",TRUE,TRUE,TRUE,TRUE
"INC-0365",TRUE,TRUE,TRUE,TRUE
"INC-0366",TRUE,FALSE,TRUE,FALSE
"INC-0367",FALSE,FALSE,FALSE,FALSE
"INC-0369",FALSE,FALSE,FALSE,FALSE
"INC-0370",FALSE,FALSE,FALSE,FALSE
"INC-0371",TRUE,FALSE,TRUE,FALSE
"INC-0372",FALSE,FALSE,FALSE,FALSE
"INC-0373",FALSE,FALSE,FALSE,FALSE
"INC-0375",FALSE,TRUE,TRUE,FALSE
"INC-0376",FALSE,TRUE,TRUE,FALSE
"INC-0377",TRUE,TRUE,TRUE,TRUE
"INC-0378",TRUE,TRUE,TRUE,TRUE
"INC-0379",FALSE,TRUE,TRUE,FALSE
"INC-0380",FALSE,TRUE,TRUE,FALSE
"INC-0381",FALSE,FALSE,FALSE,FALSE
"INC-0383",FALSE,FALSE,FALSE,FALSE
"INC-0384",FALSE,TRUE,TRUE,FALSE
"INC-0385",TRUE,TRUE,TRUE,TRUE
"INC-0386",TRUE,TRUE,TRUE,TRUE
"INC-0387",TRUE,TRUE,TRUE,TRUE
"INC-0388",FALSE,FALSE,FALSE,FALSE
"INC-0389",TRUE,TRUE,TRUE,TRUE
"INC-0390",FALSE,FALSE,FALSE,FALSE
"INC-0391",FALSE,FALSE,FALSE,FALSE
"INC-0392",FALSE,FALSE,FALSE,FALSE
"INC-0393",TRUE,TRUE,TRUE,TRUE
"INC-0394",FALSE,FALSE,FALSE,FALSE
"INC-0395",TRUE,TRUE,TRUE,TRUE
"INC-0396",TRUE,TRUE,TRUE,TRUE
"INC-0397",TRUE,TRUE,TRUE,TRUE
"INC-0398",FALSE,TRUE,TRUE,FALSE
"INC-0399",TRUE,TRUE,TRUE,TRUE
"INC-0400",TRUE,TRUE,TRUE,TRUE
"INC-0401",FALSE,TRUE,TRUE,FALSE
"INC-0402",TRUE,FALSE,TRUE,FALSE
"INC-0403",FALSE,FALSE,FALSE,FALSE
"INC-0404",FALSE,FALSE,FALSE,FALSE
"INC-0405",FALSE,FALSE,FALSE,FALSE
"INC-0406",FALSE,FALSE,FALSE,FALSE
"INC-0407",TRUE,TRUE,TRUE,TRUE
"INC-0408",FALSE,FALSE,FALSE,FALSE
"INC-0409",FALSE,FALSE,FALSE,FALSE
"INC-0410",TRUE,FALSE,TRUE,FALSE
"INC-0411",FALSE,FALSE,FALSE,FALSE
"INC-0412",FALSE,TRUE,TRUE,FALSE
"INC-0414",FALSE,TRUE,TRUE,FALSE
"INC-0415",FALSE,FALSE,FALSE,FALSE
"INC-0416",FALSE,FALSE,FALSE,FALSE
"INC-0417",TRUE,FALSE,TRUE,FALSE
"INC-0418",FALSE,FALSE,FALSE,FALSE
"INC-0419",FALSE,TRUE,TRUE,FALSE
"INC-0420",FALSE,TRUE,TRUE,FALSE
"INC-0421",TRUE,TRUE,TRUE,TRUE
"INC-0422",FALSE,FALSE,FALSE,FALSE
"INC-0423",FALSE,TRUE,TRUE,FALSE
"INC-0424",FALSE,FALSE,FALSE,FALSE
"INC-0425",FALSE,FALSE,FALSE,FALSE
"INC-0426",FALSE,TRUE,TRUE,FALSE
"INC-0427",FALSE,FALSE,FALSE,FALSE
"INC-0428",FALSE,TRUE,TRUE,FALSE
"INC-0429",FALSE,FALSE,FALSE,FALSE
"INC-0430",FALSE,FALSE,FALSE,FALSE
"INC-0431",FALSE,TRUE,TRUE,FALSE
"INC-0432",FALSE,TRUE,TRUE,FALSE
"INC-0433",FALSE,FALSE,FALSE,FALSE
"INC-0435",TRUE,TRUE,TRUE,TRUE
"INC-0436",TRUE,TRUE,TRUE,TRUE
"INC-0437",FALSE,TRUE,TRUE,FALSE
"INC-0438",TRUE,TRUE,TRUE,TRUE
"INC-0439",FALSE,FALSE,FALSE,FALSE
"INC-0440",FALSE,FALSE,FALSE,FALSE
"INC-0441",TRUE,TRUE,TRUE,TRUE
"INC-0442",TRUE,TRUE,TRUE,TRUE
"INC-0443",FALSE,TRUE,TRUE,FALSE
"INC-0444",FALSE,FALSE,FALSE,FALSE
"INC-0445",FALSE,FALSE,FALSE,FALSE
"INC-0446",TRUE,TRUE,TRUE,TRUE
"INC-0447",FALSE,FALSE,FALSE,FALSE
"INC-0448",FALSE,TRUE,TRUE,FALSE
"INC-0449",TRUE,TRUE,TRUE,TRUE
"INC-0450",FALSE,FALSE,FALSE,FALSE
"INC-0452",FALSE,FALSE,FALSE,FALSE
"INC-0454",FALSE,FALSE,FALSE,FALSE
"INC-0455",FALSE,FALSE,FALSE,FALSE
"INC-0456",FALSE,FALSE,FALSE,FALSE
"INC-0458",TRUE,TRUE,TRUE,TRUE
"INC-0459",TRUE,TRUE,TRUE,TRUE
"INC-0462",FALSE,FALSE,FALSE,FALSE
"INC-0463",FALSE,FALSE,FALSE,FALSE
"INC-0464",TRUE,TRUE,TRUE,TRUE
"INC-0465",TRUE,FALSE,TRUE,FALSE
"INC-0466",TRUE,TRUE,TRUE,TRUE
"INC-0467",TRUE,TRUE,TRUE,TRUE
"INC-0468",TRUE,FALSE,TRUE,FALSE
"INC-0469",TRUE,TRUE,TRUE,TRUE
"INC-0470",TRUE,TRUE,TRUE,TRUE
"INC-0471",TRUE,TRUE,TRUE,TRUE
"INC-0472",FALSE,TRUE,TRUE,FALSE
"INC-0473",TRUE,FALSE,TRUE,FALSE
"INC-0474",TRUE,TRUE,TRUE,TRUE
"INC-0475",FALSE,FALSE,FALSE,FALSE
"INC-0476",FALSE,FALSE,FALSE,FALSE
"INC-0477",TRUE,FALSE,TRUE,FALSE
"INC-0478",FALSE,FALSE,FALSE,FALSE
"INC-0479",TRUE,TRUE,TRUE,TRUE
"INC-0480",FALSE,TRUE,TRUE,FALSE
"INC-0481",TRUE,TRUE,TRUE,TRUE
"INC-0482",FALSE,FALSE,FALSE,FALSE
"INC-0483",FALSE,FALSE,FALSE,FALSE
"INC-0484",FALSE,FALSE,FALSE,FALSE
"INC-0485",FALSE,FALSE,FALSE,FALSE
"INC-0486",FALSE,FALSE,FALSE,FALSE
"INC-0487",TRUE,TRUE,TRUE,TRUE
"INC-0488",FALSE,FALSE,FALSE,FALSE
"INC-0489",FALSE,FALSE,FALSE,FALSE
"INC-0491",FALSE,TRUE,TRUE,FALSE
"INC-0492",FALSE,TRUE,TRUE,FALSE
"INC-0493",FALSE,FALSE,FALSE,FALSE
"INC-0494",FALSE,FALSE,FALSE,FALSE
"INC-0495",TRUE,FALSE,TRUE,FALSE
"INC-0496",FALSE,FALSE,FALSE,FALSE
"INC-0497",FALSE,FALSE,FALSE,FALSE
"INC-0498",TRUE,TRUE,TRUE,TRUE
"INC-0500",FALSE,TRUE,TRUE,FALSE
"INC-0501",TRUE,TRUE,TRUE,TRUE
"INC-0502",TRUE,TRUE,TRUE,TRUE
"INC-0503",FALSE,TRUE,TRUE,FALSE
"INC-0504",FALSE,FALSE,FALSE,FALSE
"INC-0505",FALSE,FALSE,FALSE,FALSE
"INC-0506",FALSE,FALSE,FALSE,FALSE
"INC-0507",TRUE,TRUE,TRUE,TRUE
"INC-0508",FALSE,FALSE,FALSE,FALSE
"INC-0509",TRUE,FALSE,TRUE,FALSE
"INC-0510",TRUE,TRUE,TRUE,TRUE
"INC-0512",FALSE,TRUE,TRUE,FALSE
"INC-0513",FALSE,FALSE,FALSE,FALSE
"INC-0514",FALSE,FALSE,FALSE,FALSE
"INC-0515",FALSE,FALSE,FALSE,FALSE
"INC-0516",FALSE,FALSE,FALSE,FALSE
"INC-0517",TRUE,TRUE,TRUE,TRUE
"INC-0518",FALSE,FALSE,FALSE,FALSE
"INC-0519",FALSE,FALSE,FALSE,FALSE
"INC-0520",FALSE,TRUE,TRUE,FALSE
"INC-0521",FALSE,TRUE,TRUE,FALSE
"INC-0522",FALSE,FALSE,FALSE,FALSE
"INC-0523",FALSE,TRUE,TRUE,FALSE
"INC-0524",FALSE,FALSE,FALSE,FALSE
"INC-0525",TRUE,TRUE,TRUE,TRUE
"INC-0526",TRUE,TRUE,TRUE,TRUE
"INC-0527",TRUE,TRUE,TRUE,TRUE
"INC-0528",TRUE,TRUE,TRUE,TRUE
"INC-0529",TRUE,FALSE,TRUE,FALSE
"INC-0530",FALSE,TRUE,TRUE,FALSE
"INC-0531",TRUE,TRUE,TRUE,TRUE
"INC-0532",TRUE,FALSE,TRUE,FALSE
"INC-0533",FALSE,FALSE,FALSE,FALSE
"INC-0534",FALSE,FALSE,FALSE,FALSE
"INC-0535",FALSE,FALSE,FALSE,FALSE
"INC-0536",FALSE,TRUE,TRUE,FALSE
"INC-0537",FALSE,FALSE,FALSE,FALSE
"INC-0538",TRUE,TRUE,TRUE,TRUE
"INC-0539",FALSE,FALSE,FALSE,FALSE
"INC-0540",FALSE,FALSE,FALSE,FALSE
"INC-0541",FALSE,TRUE,TRUE,FALSE
"INC-0542",FALSE,TRUE,TRUE,FALSE
"INC-0543",TRUE,FALSE,TRUE,FALSE
"INC-0544",TRUE,TRUE,TRUE,TRUE
"INC-0545",TRUE,TRUE,TRUE,TRUE
"INC-0546",FALSE,FALSE,FALSE,FALSE
"INC-0547",FALSE,FALSE,FALSE,FALSE
"INC-0549",TRUE,TRUE,TRUE,TRUE
"INC-0550",FALSE,FALSE,FALSE,FALSE
"INC-0551",FALSE,TRUE,TRUE,FALSE
"INC-0552",FALSE,TRUE,TRUE,FALSE
"INC-0553",FALSE,FALSE,FALSE,FALSE
"INC-0554",TRUE,TRUE,TRUE,TRUE
"INC-0555",TRUE,TRUE,TRUE,TRUE
"INC-0556",FALSE,FALSE,FALSE,FALSE
"INC-0557",FALSE,FALSE,FALSE,FALSE
"INC-0558",FALSE,FALSE,FALSE,FALSE
"INC-0559",FALSE,FALSE,FALSE,FALSE
"INC-0560",FALSE,FALSE,FALSE,FALSE
"INC-0561",TRUE,TRUE,TRUE,TRUE
"INC-0562",FALSE,FALSE,FALSE,FALSE
"INC-0563",FALSE,TRUE,TRUE,FALSE
"INC-0564",FALSE,FALSE,FALSE,FALSE
"INC-0565",FALSE,FALSE,FALSE,FALSE
"INC-0566",FALSE,FALSE,FALSE,FALSE
"INC-0567",FALSE,TRUE,TRUE,FALSE
"INC-0568",TRUE,TRUE,TRUE,TRUE
"INC-0569",FALSE,TRUE,TRUE,FALSE
"INC-0570",FALSE,TRUE,TRUE,FALSE
"INC-0572",FALSE,FALSE,FALSE,FALSE
"INC-0574",FALSE,TRUE,TRUE,FALSE
"INC-0575",TRUE,TRUE,TRUE,TRUE
"INC-0576",FALSE,FALSE,FALSE,FALSE
"INC-0578",FALSE,TRUE,TRUE,FALSE
"INC-0579",FALSE,FALSE,FALSE,FALSE
"INC-0580",FALSE,FALSE,FALSE,FALSE
"INC-0581",FALSE,FALSE,FALSE,FALSE
"INC-0582",TRUE,FALSE,TRUE,FALSE
"INC-0583",TRUE,TRUE,TRUE,TRUE
"INC-0584",TRUE,TRUE,TRUE,TRUE
"INC-0585",TRUE,TRUE,TRUE,TRUE
"INC-0586",TRUE,FALSE,TRUE,FALSE
"INC-0587",FALSE,TRUE,TRUE,FALSE
"INC-0588",FALSE,FALSE,FALSE,FALSE
"INC-0589",FALSE,FALSE,FALSE,FALSE
"INC-0590",FALSE,FALSE,FALSE,FALSE
"INC-0591",FALSE,FALSE,FALSE,FALSE
"INC-0592",TRUE,TRUE,TRUE,TRUE
"INC-0593",FALSE,TRUE,TRUE,FALSE
"INC-0594",FALSE,TRUE,TRUE,FALSE
"INC-0595",FALSE,TRUE,TRUE,FALSE
"INC-0596",FALSE,TRUE,TRUE,FALSE
"INC-0597",TRUE,FALSE,TRUE,FALSE
"INC-0598",FALSE,FALSE,FALSE,FALSE
"INC-0599",FALSE,TRUE,TRUE,FALSE
"INC-0600",FALSE,TRUE,TRUE,FALSE
"INC-0601",FALSE,TRUE,TRUE,FALSE
"INC-0602",FALSE,FALSE,FALSE,FALSE
"INC-0603",FALSE,TRUE,TRUE,FALSE
"INC-0604",TRUE,TRUE,TRUE,TRUE
"INC-0605",FALSE,FALSE,FALSE,FALSE
"INC-0606",FALSE,FALSE,FALSE,FALSE
"INC-0607",FALSE,FALSE,FALSE,FALSE
"INC-0608",TRUE,FALSE,TRUE,FALSE
"INC-0609",TRUE,FALSE,TRUE,FALSE
"INC-0610",FALSE,FALSE,FALSE,FALSE
"INC-0611",TRUE,TRUE,TRUE,TRUE
"INC-0612",FALSE,FALSE,FALSE,FALSE
"INC-0613",TRUE,TRUE,TRUE,TRUE
"INC-0614",FALSE,FALSE,FALSE,FALSE
"INC-0615",FALSE,TRUE,TRUE,FALSE
"INC-0616",FALSE,FALSE,FALSE,FALSE
"INC-0617",FALSE,FALSE,FALSE,FALSE
"INC-0618",FALSE,TRUE,TRUE,FALSE
"INC-0619",TRUE,FALSE,TRUE,FALSE
"INC-0620",TRUE,TRUE,TRUE,TRUE
"INC-0621",TRUE,TRUE,TRUE,TRUE
"INC-0622",FALSE,TRUE,TRUE,FALSE
"INC-0623",TRUE,TRUE,TRUE,TRUE
"INC-0625",FALSE,FALSE,FALSE,FALSE
"INC-0626",FALSE,TRUE,TRUE,FALSE
"INC-0627",TRUE,TRUE,TRUE,TRUE
"INC-0628",FALSE,FALSE,FALSE,FALSE
"INC-0629",FALSE,FALSE,FALSE,FALSE
"INC-0630",FALSE,FALSE,FALSE,FALSE
"INC-0631",TRUE,TRUE,TRUE,TRUE
"INC-0632",TRUE,FALSE,TRUE,FALSE
"INC-0633",FALSE,FALSE,FALSE,FALSE
"INC-0634",TRUE,TRUE,TRUE,TRUE
"INC-0635",FALSE,TRUE,TRUE,FALSE
"INC-0636",FALSE,FALSE,FALSE,FALSE
"INC-0637",FALSE,TRUE,TRUE,FALSE
"INC-0638",TRUE,TRUE,TRUE,TRUE
"INC-0639",FALSE,TRUE,TRUE,FALSE
"INC-0640",FALSE,FALSE,FALSE,FALSE
"INC-0641",FALSE,TRUE,TRUE,FALSE
"INC-0642",TRUE,TRUE,TRUE,TRUE
"INC-0643",FALSE,FALSE,FALSE,FALSE
"INC-0644",FALSE,FALSE,FALSE,FALSE
"INC-0645",FALSE,FALSE,FALSE,FALSE
"INC-0646",FALSE,FALSE,FALSE,FALSE
"INC-0647",FALSE,TRUE,TRUE,FALSE
